-- phpMyAdmin SQL Dump
-- version 5.1.0
-- https://www.phpmyadmin.net/
--
-- 主機： 127.0.0.1
-- 產生時間： 2021 年 06 月 26 日 16:48
-- 伺服器版本： 10.4.19-MariaDB
-- PHP 版本： 7.3.28

SET SQL_MODE = "NO_AUTO_VALUE_ON_ZERO";
START TRANSACTION;
SET time_zone = "+00:00";


/*!40101 SET @OLD_CHARACTER_SET_CLIENT=@@CHARACTER_SET_CLIENT */;
/*!40101 SET @OLD_CHARACTER_SET_RESULTS=@@CHARACTER_SET_RESULTS */;
/*!40101 SET @OLD_COLLATION_CONNECTION=@@COLLATION_CONNECTION */;
/*!40101 SET NAMES utf8mb4 */;

--
-- 資料庫： `keepfitness`
--

-- --------------------------------------------------------

--
-- 資料表結構 `basic_information`
--

CREATE TABLE `basic_information` (
  `Name` char(20) NOT NULL,
  `email` varchar(30) NOT NULL,
  `sex` varchar(1) NOT NULL,
  `age` int(3) NOT NULL,
  `height` int(3) NOT NULL,
  `weight` int(3) NOT NULL,
  `body_fat` int(2) NOT NULL,
  `BMI` decimal(4,2) DEFAULT NULL,
  `fit_intensity` int(2) DEFAULT NULL,
  `eat_intensity` int(2) DEFAULT NULL,
  `BMR` float(6,2) DEFAULT NULL,
  `date` varchar(20) DEFAULT NULL
) ENGINE=InnoDB DEFAULT CHARSET=utf8;

--
-- 傾印資料表的資料 `basic_information`
--

INSERT INTO `basic_information` (`Name`, `email`, `sex`, `age`, `height`, `weight`, `body_fat`, `BMI`, `fit_intensity`, `eat_intensity`, `BMR`, `date`) VALUES
('159', '951', 'B', 30, 168, 60, 15, '21.26', 18, 9, 1524.00, '25-6月-2021'),
('333333', '333333', 'G', 28, 230, 0, 0, '0.00', 9, 5, 947.40, '26-Jun-2021'),
('456', '654', 'G', 0, 227, 194, 31, '37.65', 18, 9, 2936.00, '26-Jun-2021'),
('5858', '5858', 'G', 36, 175, 78, 15, '25.47', 18, 9, 1559.60, '26-Jun-2021'),
('666', '666', 'B', 66, 166, 66, 6, '23.95', 12, 6, 1351.40, '21-Jun-2021'),
('77', '77', 'B', 20, 168, 60, 15, '21.26', 18, 9, 1592.00, '25-Jun-2021'),
('777999', '777999', 'G', 8, 230, 196, 36, '37.05', 1, 1, 2923.00, '26-Jun-2021'),
('987987', '987987', 'G', 10, 145, 42, 12, '19.98', 18, 9, 1282.20, '25-Jun-2021'),
('999', '999', 'B', 99, 199, 99, 9, '25.00', 18, 9, 1508.30, '21-Jun-2021'),
('android studio', 'android studio', 'B', 20, 163, 48, 18, '18.07', 16, 8, 1402.60, '20-Jun-2021'),
('beauty', 'tillen1001@gmail.com', 'G', 15, 168, 45, 22, '15.94', 15, 8, 1328.90, '20-Jun-2021'),
('cc', 'cc', 'G', 18, 170, 55, 15, '19.03', 18, 9, 1414.40, '26-Jun-2021'),
('fuckyou', '787878', 'B', 30, 199, 89, 20, '22.47', 18, 9, 1736.60, '25-Jun-2021'),
('hello', 'hello', 'G', 20, 148, 50, 20, '22.83', 17, 9, 1317.40, '20-Jun-2021'),
('hi', 'hi', 'B', 18, 185, 75, 15, '21.91', 18, 9, 1633.40, '25-6月-2021'),
('HighSpeedCJ', 'CJ5000km/hr', 'B', 55, 160, 75, 25, '29.30', 2, 1, 1519.50, '21-Jun-2021'),
('ho', 'ho', 'G', 20, 160, 100, 20, '39.06', 13, 7, 1819.00, '21-Jun-2021'),
('j', 'j', 'G', 16, 160, 80, 15, '31.25', 18, 9, 1645.80, '26-Jun-2021'),
('keepfitness', 'keepfitness', 'G', 1, 1, 1, 1, NULL, NULL, NULL, NULL, NULL),
('meow', 'meow', 'G', 18, 165, 45, 20, '16.53', 18, 9, 1309.40, '21-6月-2021'),
('op', 'op', 'G', 19, 180, 85, 9, '26.23', 7, 4, 1715.70, '26-Jun-2021'),
('opp', 'opp', 'G', 20, 200, 90, 20, '22.50', 17, 9, 1795.00, '26-Jun-2021'),
('pppppp', 'ppppp', 'G', 13, 165, 70, 22, '25.71', 18, 9, 1572.90, '26-Jun-2021'),
('qa', 'qa', 'G', 19, 229, 0, 0, '0.00', 9, 5, 987.90, '26-Jun-2021'),
('qqq', 'qqq', 'B', 0, 180, 50, 17, '15.43', 18, 9, 1469.00, '25-Jun-2021'),
('test', 'test', 'B', 30, 180, 80, 20, '24.69', 14, 7, 1858.00, '25-6月-2021'),
('test1', 'test1', 'B', 20, 170, 80, 40, '27.68', 2, 1, 1876.00, '21-6月-2021'),
('test2', 'test', 'G', 18, 180, 50, 32, '15.43', 3, 2, 1384.40, '21-6月-2021'),
('test4', 'test4', 'B', 20, 180, 80, 20, '24.69', 14, 7, 1926.00, '20-Jun-2021'),
('todaty', 'toadt', 'B', 2, 234, 199, 35, '36.34', 2, 1, 3948.70, '26-Jun-2021'),
('today', 'today', 'B', 15, 160, 60, 33, '23.44', 18, 9, 1458.50, '25-6月-2021'),
('today2', 'today2', 'G', 32, 163, 55, 32, '20.70', 18, 9, 1336.00, '25-6月-2021'),
('uuuuu', 'uuuuu', 'G', 2, 189, 146, 34, '40.87', 18, 9, 2397.40, '26-Jun-2021'),
('y', 'y', 'B', 21, 0, 0, 0, '0.00', 18, 9, 566.30, '26-Jun-2021'),
('yee', 'yeeee', 'B', 20, 181, 60, 12, '18.31', 10, 5, 1657.00, '26-Jun-2021'),
('yes', 'yes', 'B', 21, 228, 191, 36, '36.74', 18, 9, 2810.30, '26-Jun-2021'),
('yipingmother', 'jjj', 'B', 2, 180, 60, 20, '18.52', 18, 9, 1555.60, '26-Jun-2021'),
('yyyyy', 'yyyyy', 'B', 51, 200, 100, 25, '25.00', 18, 9, 1745.30, '25-Jun-2021');

-- --------------------------------------------------------

--
-- 資料表結構 `eat_detail`
--

CREATE TABLE `eat_detail` (
  `type` varchar(10) NOT NULL,
  `food_name` varchar(10) NOT NULL,
  `calories(kcal)` varchar(3) DEFAULT NULL,
  `protein(g)` varchar(6) DEFAULT NULL,
  `fat(g)` varchar(6) DEFAULT NULL,
  `carbohydrates(g)` varchar(6) DEFAULT NULL,
  `dietary_fiber(g)` varchar(5) DEFAULT NULL,
  `cholesterol(mg)` varchar(5) DEFAULT NULL
) ENGINE=InnoDB DEFAULT CHARSET=utf8;

--
-- 傾印資料表的資料 `eat_detail`
--

INSERT INTO `eat_detail` (`type`, `food_name`, `calories(kcal)`, `protein(g)`, `fat(g)`, `carbohydrates(g)`, `dietary_fiber(g)`, `cholesterol(mg)`) VALUES
('乳品類', '中脂保久乳', '48', '3.2', '1.8', '4.8', '0.0', '8 '),
('乳品類', '乾酪粉', '483', '40.4', '34.0', '3.1', '0.0', '108 '),
('乳品類', '保久羊乳', '58', '3.0', '3.3', '4.5', '0.0', '14 '),
('乳品類', '全脂保久乳', '61', '3.0', '3.4', '5.1', '0.0', '17 '),
('乳品類', '全脂奶粉', '504', '26.4', '28.2', '37.0', '0.0', '89 '),
('乳品類', '全脂羊奶粉', '510', '26.7', '29.8', '34.8', '0.0', '103 '),
('乳品類', '全脂鮮乳', '63', '3.1', '3.6', '4.8', '0.0', '13 '),
('乳品類', '切片乾酪', '309', '18.3', '23.7', '5.9', '0.0', '78 '),
('乳品類', '切片乾酪(低脂)', '240', '21.7', '13.0', '8.8', '0.0', '40 '),
('乳品類', '木瓜牛奶', '41', '1.7', '0.6', '7.7', '0.7', '4 '),
('乳品類', '椰奶', '48', '0.2', '2.1', '7.4', '0.0', '0 '),
('乳品類', '脫脂奶粉', '360', '36.2', '0.9', '51.2', '0.0', '23 '),
('乳品類', '鮮奶可可', '77', '2.1', '2.7', '11.6', '1.2', '8 '),
('加工調理食品及其他類', '五香豆干', '192', '19.3', '10.6', '6.2', '2.2', '0'),
('加工調理食品及其他類', '傳統豆腐', '87', '8.5', '3.4', '6.0', '0.6', '0'),
('加工調理食品及其他類', '冷凍冬菜蝦仁餛飩', '186', '9.1', '6.3', '24.5', '2.3', '44 '),
('加工調理食品及其他類', '冷凍叉燒包', '263', '8.8', '4.8', '47.0', '1.3', '12 '),
('加工調理食品及其他類', '冷凍叉燒包子', '262', '7.1', '6.1', '46.0', '2.3', '9 '),
('加工調理食品及其他類', '冷凍咕咾肉', '181', '6.4', '9.5', '18.3', '1.5', '21'),
('加工調理食品及其他類', '冷凍干貝酥', '144', '8.3 ', '0.2 ', '27.7 ', '1.0 ', '8 '),
('加工調理食品及其他類', '冷凍旗魚塊', '177', '15.3 ', '6.5 ', '14.7 ', '0.0 ', '76 '),
('加工調理食品及其他類', '冷凍春捲', '266', '5.1', '13.9', '31.5', '2.8', '0'),
('加工調理食品及其他類', '冷凍水晶包', '208', '4.8', '7.8', '30.4', '1.5', '18'),
('加工調理食品及其他類', '冷凍水晶餃', '188', '2.8', '3.5', '36.8', '0.7', '0'),
('加工調理食品及其他類', '冷凍洋蔥圈', '275', '4.0', '11.0', '41.4', '2.8', '0'),
('加工調理食品及其他類', '冷凍火腿炒飯', '185', '5.0', '5.6', '29.7', '2.0', '37 '),
('加工調理食品及其他類', '冷凍燒賣', '183', '9.9', '9.7', '15.3', '2.2', '24'),
('加工調理食品及其他類', '冷凍燕餃', '321', '12.841', '23.571', '14.497', '0', '53'),
('加工調理食品及其他類', '冷凍牛肉包子', '265', '10.8', '4.6', '46.1', '1.8', '16 '),
('加工調理食品及其他類', '冷凍牛肉水餃', '212', '8.9', '9.7', '23.1', '1.2', '18 '),
('加工調理食品及其他類', '冷凍牛肉漢堡肉', '246', '14.4', '18.5', '6.3', '1.5', '66'),
('加工調理食品及其他類', '冷凍甘薯條', '174', '1.8', '6.5', '29.0', '3.5', '0'),
('加工調理食品及其他類', '冷凍白饅頭', '274', '7.4', '2.4', '57.0', '2.3', '0 '),
('加工調理食品及其他類', '冷凍素菜包子', '231', '8.6', '3.8', '41.4', '1.1', '0 '),
('加工調理食品及其他類', '冷凍素食水餃', '169', '8.7', '4.1', '25.8', '2.8', '0 '),
('加工調理食品及其他類', '冷凍素食熟水餃', '203', '7.2', '5.4', '32.9', '2.3', '0 '),
('加工調理食品及其他類', '冷凍芋泥包', '258', '6.6', '3.6', '51.1', '2.4', '0 '),
('加工調理食品及其他類', '冷凍芝麻包', '339', '7.2', '11.7', '51.7', '0.6', '9 '),
('加工調理食品及其他類', '冷凍芝麻湯圓', '350', '4.8', '16.3', '46.7', '0.9', '0 '),
('加工調理食品及其他類', '冷凍花枝丸', '161', '12.7', '7.0', '13.0', '1.9', '113'),
('加工調理食品及其他類', '冷凍花枝塊', '178', '11.3 ', '7.5 ', '17.0 ', '0.8 ', '82 '),
('加工調理食品及其他類', '冷凍花枝排', '184', '5.5', '7.3', '24.9', '1.3', '18'),
('加工調理食品及其他類', '冷凍花枝餃', '176', '12.4 ', '5.6 ', '19.2 ', '0.0 ', '22 '),
('加工調理食品及其他類', '冷凍花生湯圓', '348', '5.2', '15.6', '47.1', '0.6', '0 '),
('加工調理食品及其他類', '冷凍菜肉餛飩', '228', '9.1', '16.3', '13.3', '4.2', '0 '),
('加工調理食品及其他類', '冷凍蓮蓉包', '287', '7.9', '5.5', '52.8', '2.4', '7 '),
('加工調理食品及其他類', '冷凍虱目魚丸', '202', '13.7', '11.9', '11.0', '1.5', '39'),
('加工調理食品及其他類', '冷凍蚵捲', '208', '6.9 ', '17.5 ', '7.0 ', '2.3 ', '17 '),
('加工調理食品及其他類', '冷凍蛋餃', '182', '12.07', '14.058', '2.0813', '0.53', '246'),
('加工調理食品及其他類', '冷凍蝦仁炒飯', '142', '4.7', '3.4', '24.6', '2.7', '11 '),
('加工調理食品及其他類', '冷凍蝦捲', '153', '10.3 ', '5.7 ', '16.0 ', '1.4 ', '75 '),
('加工調理食品及其他類', '冷凍蝦餃', '273', '11.396', '19.3', '13.512', '0', '72'),
('加工調理食品及其他類', '冷凍蝦餅', '123', '9.6', '2.1', '17.3', '1.6', '50'),
('加工調理食品及其他類', '冷凍蟹味棒', '117', '9.3', '0.6783', '18.621', '0', '0'),
('加工調理食品及其他類', '冷凍豆沙包', '243', '7.4', '1.1', '51.8', '1.7', '0 '),
('加工調理食品及其他類', '冷凍豬肉包子', '263', '7.6', '9.2', '38.2', '1.5', '14 '),
('加工調理食品及其他類', '冷凍豬肉水餃', '205', '8.1', '9.7', '22.1', '0.9', '25 '),
('加工調理食品及其他類', '冷凍豬肉湯圓', '280', '6.5', '12.1', '36.6', '0.4', '14 '),
('加工調理食品及其他類', '冷凍豬肉熟水餃', '230', '7.2', '10.1', '28.9', '2.1', '17 '),
('加工調理食品及其他類', '冷凍豬肉餛飩', '234', '11.1', '12.6', '20.5', '2.8', '24 '),
('加工調理食品及其他類', '冷凍貢丸', '244', '16.6', '20.3', '0.0', '0.0', '41'),
('加工調理食品及其他類', '冷凍酸菜焢肉包子', '296', '8.6', '13.1', '37.2', '2.1', '23 '),
('加工調理食品及其他類', '冷凍雞塊', '227', '15.3', '12.9', '12.6', '0.0', '33'),
('加工調理食品及其他類', '冷凍雞肉丸', '201', '10.5', '12.3', '12.3', '0.0', '42'),
('加工調理食品及其他類', '冷凍香菇餃', '230', '12.3', '15.29', '11.504', '1.124', '39'),
('加工調理食品及其他類', '冷凍馬鈴薯條', '144', '2.2', '4.5', '25.5', '3.5', '0'),
('加工調理食品及其他類', '冷凍魚捲', '124', '13.8 ', '0.3 ', '17.1 ', '0.7 ', '0 '),
('加工調理食品及其他類', '冷凍魚餃', '277', '12.548', '19.528', '12.883', '0', '60'),
('加工調理食品及其他類', '冷凍鮪排', '143', '13.4', '0.9', '20.4', '0.0', '120'),
('加工調理食品及其他類', '冷凍鮪魚水餃', '193', '9.0', '8.5', '20.8', '1.3', '19 '),
('加工調理食品及其他類', '冷凍鱈魚丸', '98', '8.5', '2.4', '10.7', '0.0', '11'),
('加工調理食品及其他類', '冷藏堅果饅頭', '296', '9.6', '8.8', '47.3', '5.5', '0 '),
('加工調理食品及其他類', '切片火腿(牛肉)', '121', '15.9', '2.2', '9.4', '0.0', '30'),
('加工調理食品及其他類', '切片火腿(豬肉)', '146', '16.5', '4.9', '9.0', '0.0', '32'),
('加工調理食品及其他類', '切片火腿(雞肉)', '148', '15.3', '5.3', '10.0', '0.0', '43'),
('加工調理食品及其他類', '原味蛋餅（份）', '261', '11', '9', '34', '0', '0'),
('加工調理食品及其他類', '叉燒肉', '252', '17.2', '13.1', '16.5', '0.0', '65'),
('加工調理食品及其他類', '台式泡菜', '57', '0.9', '0.3', '13.1', '0.8', '0'),
('加工調理食品及其他類', '培根', '372', '13.5', '35.6', '0.0', '0.0', '55'),
('加工調理食品及其他類', '培根起司蛋堡', '322', '13', '19', '25', '0.9', '80'),
('加工調理食品及其他類', '夏威夷披薩', '266', '12.0', '8.7', '35.9', '2.0', '13 '),
('加工調理食品及其他類', '天婦羅', '175', '12.4', '4.6989', '21.001', '0.2', '20'),
('加工調理食品及其他類', '嫩豆腐', '51', '4.9', '3.0', '1.6', '0.8', '0'),
('加工調理食品及其他類', '小方豆干', '154', '17.4', '8.6', '3.5', '3.3', '0'),
('加工調理食品及其他類', '小籠包', '239', '9.6', '15.5', '15.9', '1.2', '2 '),
('加工調理食品及其他類', '小雞塊', '430', '19', '35', '10', '0', '43'),
('加工調理食品及其他類', '廣東粥', '80', '4.9', '2.8', '9.1', '0.2', '54 '),
('加工調理食品及其他類', '德國香腸', '271', '15.9', '21.4', '4.6', '1.4', '63'),
('加工調理食品及其他類', '擔仔麵', '118', '4.4', '6.5', '11.9', '2.5', '10 '),
('加工調理食品及其他類', '旗魚鬆', '480', '31.319', '22.880', '37.415', '0', '118'),
('加工調理食品及其他類', '棺材板', '261', '7.0', '17.5', '19.7', '1.5', '44'),
('加工調理食品及其他類', '水煎包', '162', '4.3', '5.4', '25.2', '2.0', '8'),
('加工調理食品及其他類', '油條', '548', '10.1', '40.2', '37.3', '1.6', '0'),
('加工調理食品及其他類', '油豆腐粉絲(阿給)', '143', '6.9', '6.2', '15.7', '1.6', '1'),
('加工調理食品及其他類', '泡菜豬肉個人披薩', '696', '31', '31', '73', '2.5', '29'),
('加工調理食品及其他類', '海鮮個人披薩', '795', '34', '39', '77', '2.3', '28'),
('加工調理食品及其他類', '清蒸蝦仁肉圓', '149', '4.6', '7.4', '16.7', '1.3', '17 '),
('加工調理食品及其他類', '溫州餛飩', '143', '6.5', '7.9', '11.9', '0.6', '21 '),
('加工調理食品及其他類', '火腿蛋三明治', '272', '10.9', '13.2', '28.2', '1.3', '60 '),
('加工調理食品及其他類', '火腿蛋餅（份）', '294', '15', '10', '37', '0', '11'),
('加工調理食品及其他類', '炒板條', '147', '4.2', '4.2', '23.7', '1.2', '5 '),
('加工調理食品及其他類', '炸蝦排堡', '390', '16', '18', '41', '1.1', '80'),
('加工調理食品及其他類', '炸豆皮', '383', '19.2', '32.4', '4.9', '2.3', '0'),
('加工調理食品及其他類', '炸雞腿', '236', '16', '14', '12', '0', '198'),
('加工調理食品及其他類', '炸魚排堡', '540', '20', '30', '47', '0.8', '80'),
('加工調理食品及其他類', '烤雞腿堡', '411', '23', '15', '46', '0.9', '78'),
('加工調理食品及其他類', '熟水餃(高麗菜水餃)', '195', '7.4', '10.1', '19.7', '1.8', '18 '),
('加工調理食品及其他類', '熱狗', '257', '13.3', '18.1', '10.2', '0.0', '48'),
('加工調理食品及其他類', '燒肉米漢堡', '481', '12', '21', '61', '0.9', '83'),
('加工調理食品及其他類', '燒餅', '320', '9.1', '9.1', '51.1', '1.2', '0 '),
('加工調理食品及其他類', '牛肉起司漢堡', '669', '28', '39', '51', '0.9', '80'),
('加工調理食品及其他類', '牛肉餡餅', '222', '9.6', '10.4', '23.3', '1.2', '13'),
('加工調理食品及其他類', '牛肉香腸', '298', '20.7', '20.5', '7.8', '0.0', '76'),
('加工調理食品及其他類', '玉米蛋餅（份）', '291', '12', '10', '39', '0', '0'),
('加工調理食品及其他類', '甜酒釀', '162', '5.0', '0.4', '34.8', '0.5', '0 '),
('加工調理食品及其他類', '白饅頭', '246', '8.1', '1.2', '51.3', '1.1', '0 '),
('加工調理食品及其他類', '百頁豆腐', '195', '13.4', '13.1', '6.3', '0.5', '0'),
('加工調理食品及其他類', '皮蛋瘦肉粥（份）', '166', '10', '4', '22', '0', '200'),
('加工調理食品及其他類', '章魚燒個人披薩', '760', '28', '38', '77', '2.3', '27'),
('加工調理食品及其他類', '竹筍包', '203', '6.9', '5.5', '32.9', '2.6', '3 '),
('加工調理食品及其他類', '筒仔米糕', '243', '6.6', '8.6', '35.5', '1.1', '17 '),
('加工調理食品及其他類', '粉圓', '345', '0.2', '0.0', '86.2', '0.3', '0'),
('加工調理食品及其他類', '糯米飯糰', '333', '5.9', '17.6', '38.3', '1.1', '0 '),
('加工調理食品及其他類', '素肉', '199', '23.9', '10.1', '6.0', '5.5', '0'),
('加工調理食品及其他類', '紫米飯團（份）', '408', '14', '12', '61', '0', '0'),
('加工調理食品及其他類', '肉圓', '135', '3.1', '1.6', '27.3', '0.3', '8 '),
('加工調理食品及其他類', '肉粽', '233', '8.2', '8.8', '30.7', '0.6', '61 '),
('加工調理食品及其他類', '肉羹', '245', '9.7', '14.7', '18.9', '0.9', '49'),
('加工調理食品及其他類', '肉鬆三角飯糰', '214', '5.8', '5.5', '36.6', '1.9', '6 '),
('加工調理食品及其他類', '芋圓', '212', '0.9', '0.2', '52.1', '0.8', '0'),
('加工調理食品及其他類', '芋頭饅頭', '150', '5.7', '0.6', '31.5', '2.2', '0 '),
('加工調理食品及其他類', '蔥油餅', '299', '8.3', '9.3', '46.9', '2.4', '6 '),
('加工調理食品及其他類', '薯條', '468', '6', '24', '57', '0', '0'),
('加工調理食品及其他類', '蚵仔煎', '191', '4.9', '10.4', '19.7', '0.5', '100'),
('加工調理食品及其他類', '豆干絲', '165', '18.3', '8.6', '4.8', '2.6', '0'),
('加工調理食品及其他類', '豆腐皮', '208', '25.3', '11.0', '2.4', '0.6', '0'),
('加工調理食品及其他類', '豬肉起司堡', '402', '23', '22', '28', '0.9', '77'),
('加工調理食品及其他類', '豬肉鍋貼', '234', '7.8', '11.3', '26.2', '1.5', '11 '),
('加工調理食品及其他類', '豬肉餡餅', '324', '6.2', '23.3', '23.1', '1.5', '28'),
('加工調理食品及其他類', '豬血糕', '192', '8.6', '0.9', '37.8', '0.9', '24 '),
('加工調理食品及其他類', '起司蛋餅（份）', '344', '16', '16', '35', '0', '21'),
('加工調理食品及其他類', '酥炸雞腿堡', '558', '27', '30', '45', '0.9', '80'),
('加工調理食品及其他類', '醃辣椒', '51', '1.9', '0.3', '10.6', '0.8', '0'),
('加工調理食品及其他類', '雙層牛肉堡', '793', '53', '49', '35', '0.9', '86'),
('加工調理食品及其他類', '雞蛋豆腐', '78', '6.9', '4.6', '2.7', '0.4', '110'),
('加工調理食品及其他類', '韓式泡菜', '29', '2.0', '0.4', '5.8', '2.8', '25'),
('加工調理食品及其他類', '韭菜盒子', '214', '7.5', '12.1', '19.5', '1.4', '36'),
('加工調理食品及其他類', '香腸', '354', '17.0', '26.3', '12.3', '0.0', '61'),
('加工調理食品及其他類', '魚板', '125', '9.986', '1.9501', '17.574', '1.257', '16'),
('加工調理食品及其他類', '魚肉鬆', '469', '28.2', '20.2', '43.8', '0', '100'),
('加工調理食品及其他類', '鮪魚蛋餅（份）', '389', '14', '17', '45', '0', '30'),
('加工調理食品及其他類', '鲔魚御飯團（份）', '226', '6', '5', '38', '0', '30'),
('加工調理食品及其他類', '鴨血糕', '190', '6.7', '1.1', '39.1', '1.3', '12 '),
('加工調理食品及其他類', '黃金泡菜', '107', '2.4', '5.7', '12.5', '1.7', '0'),
('加工調理食品及其他類', '黑糖饅頭', '229', '6.8', '0.9', '50.0', '2.5', '0 '),
('加工調理食品及其他類', '黑豆干', '197', '19.0', '12.5', '2.1', '0.0', '0'),
('堅果及種子類', '可可粉', '414', '20.8', '22.8', '43.8', '24.7', '0 '),
('堅果及種子類', '咖啡豆(曼特寧)', '337', '13.9', '14.9', '65.1', '48.4', '0 '),
('堅果及種子類', '奇亞子', '421', '21.7', '31.8', '34.8', '29.7', '0 '),
('堅果及種子類', '山粉圓', '279', '16.3', '12.8', '58.0', '57.9', '0 '),
('堅果及種子類', '帶殼花生', '314', '15.3', '27.2', '12.2', '8.1', '0 '),
('堅果及種子類', '杏仁片', '588', '23.4', '56.9', '14.8', '14.4', '0 '),
('堅果及種子類', '栗子', '242', '4.6', '1.4', '57.9', '10.4', '0 '),
('堅果及種子類', '核桃', '674', '15.4', '67.9', '11.2', '6.2', '0 '),
('堅果及種子類', '榛果', '655', '13.0', '66.5', '17.2', '8.0', '0 '),
('堅果及種子類', '無花果', '337', '3.6', '4.3', '77.8', '13.3', '0 '),
('堅果及種子類', '生鮮花生仁', '477', '28.8', '38.5', '20.6', '13.5', '0 '),
('堅果及種子類', '糖炒栗子', '197', '4.2', '0.8', '46.3', '5.7', '0 '),
('堅果及種子類', '腰果', '555', '16.4', '43.7', '35.2', '5.0', '0 '),
('堅果及種子類', '蓮子', '124', '9.3', '0.5', '25.6', '8.0', '0 '),
('堅果及種子類', '開心果', '572', '22.4', '52.7', '20.1', '13.6', '0 '),
('水果類', '加州紅李', '41', '0.3', '0.6', '10.6', '1.7', '0 '),
('水果類', '台灣土棗', '81', '0.9', '0.3', '23.0', '3.9', '0 '),
('水果類', '哈密瓜', '38', '0.7', '0.0', '10.1', '0.5', '0 '),
('水果類', '土芒果', '52', '0.6', '0.3', '13.8', '1.0', '0 '),
('水果類', '土芭樂', '31', '0.7', '0.1', '10.0', '5.0', '0 '),
('水果類', '奇異果', '51', '1.1', '0.3', '14.0', '2.7', '0 '),
('水果類', '小玉西瓜', '34', '0.8', '0.1', '8.6', '0.3', '0 '),
('水果類', '巨峰葡萄', '63', '0.5', '0.3', '16.6', '0.2', '0 '),
('水果類', '文旦', '31', '0.7', '0.1', '8.4', '1.3', '0 '),
('水果類', '木瓜', '35', '0.6', '0.1', '9.9', '1.4', '0 '),
('水果類', '李子', '45', '0.7', '0.4', '11.7', '1.5', '0 '),
('水果類', '柳橙', '40', '0.8', '0.1', '11.0', '2.1', '0 '),
('水果類', '柿餅', '175', '1.7', '0.2', '52.2', '12.6', '0 '),
('水果類', '桑葚', '29', '1.1', '0.4', '7.0', '1.3', '0 '),
('水果類', '椪柑', '37', '0.8', '0.2', '10.0', '1.5', '0 '),
('水果類', '楊桃', '30', '0.5', '0.1', '8.2', '1.3', '0 '),
('水果類', '榴槤', '126', '2.7', '1.9', '29.7', '3.2', '0 '),
('水果類', '檸檬', '31', '0.7', '0.5', '7.4', '1.2', '0 '),
('水果類', '櫻桃', '72', '1.2', '0.3', '19.1', '1.3', '0 '),
('水果類', '水蜜桃', '36', '0.9', '0.2', '9.7', '1.7', '0 '),
('水果類', '甜柿', '55', '0.5', '0.1', '15.2', '1.2', '0 '),
('水果類', '甜瓜', '28', '0.9', '0.1', '7.2', '0.6', '0 '),
('水果類', '百香果', '57', '2.2', '2.4', '10.7', '5.3', '0 '),
('水果類', '紅棗', '215', '3.2', '0.3', '59.5', '7.7', '0 '),
('水果類', '紅毛丹', '70', '1.0', '0.7', '17.9', '1.5', '0 '),
('水果類', '紅葡萄', '67', '0.4', '0.4', '17.7', '0.5', '0 '),
('水果類', '紅龍果', '48', '0.9', '0.4', '12.4', '1.7', '0 '),
('水果類', '綠葡萄', '57', '0.5', '0.2', '15.3', '0.4', '0 '),
('水果類', '芒果', '48', '0.6', '0.2', '13.0', '1.2', '0 '),
('水果類', '芭樂', '32', '0.7', '0.1', '9.8', '3.3', '0 '),
('水果類', '草莓', '35', '1.0', '0.2', '9.3', '1.8', '0 '),
('水果類', '荔枝', '63', '1.0', '0.2', '16.5', '0.8', '0 '),
('水果類', '萊姆', '34', '0.5', '1.0', '7.7', '1.9', '0 '),
('水果類', '葡萄柚', '35', '0.7', '0.2', '9.2', '1.1', '0 '),
('水果類', '蓮霧', '33', '0.4', '0.2', '9.0', '0.8', '0 '),
('水果類', '蘋果', '46', '0.3', '0.2', '13.0', '1.5', '0 '),
('水果類', '西洋梨', '49', '0.3', '0.2', '14.1', '2.1', '0 '),
('水果類', '西瓜', '32', '0.8', '0.1', '8.0', '0.3', '0 '),
('水果類', '酪梨', '59', '1.6', '3.7', '7.9', '3.4', '0 '),
('水果類', '釋迦', '99', '2.2', '0.1', '26.6', '2.7', '0 '),
('水果類', '青木瓜', '24', '0.6', '0.1', '7.2', '2.4', '0 '),
('水果類', '鳳梨', '50', '0.7', '0.1', '13.6', '1.1', '0 '),
('水果類', '黑棗', '212', '2.7', '0.2', '60.9', '10.8', '0 '),
('水果類', '龍眼', '69', '1.1', '0.5', '17.9', '1.8', '0 '),
('水果類', '龍眼乾', '272', '5.1', '0.7', '70.7', '2.9', '0 '),
('澱粉類', '地瓜', '123', '1.5', '0.1', '27.5', '2.9', '0 '),
('澱粉類', '山藥', '82', '2.8', '0.1', '17.8', '1.3', '0 '),
('澱粉類', '油炸脫水甘薯', '474', '2.3', '30.1', '61.2', '25.0', '0 '),
('澱粉類', '粉粿', '63', '0.0', '0.1', '15.5', '0.8', '0 '),
('澱粉類', '芋頭', '122', '2.5', '1.1', '26.4', '2.3', '0 '),
('澱粉類', '菱角', '139', '4.2', '0.3', '31.0', '3.0', '0 '),
('澱粉類', '蓮藕', '58', '2.0', '0.2', '13.5', '3.3', '0 '),
('澱粉類', '馬鈴薯', '74', '2.6', '0.2', '15.8', '1.3', '0 '),
('穀物類', '冷凍烏龍麵', '126', '3.4', '0.3', '28.2', '1.5', '0 '),
('穀物類', '大麥片', '351', '8.6', '1.8', '76.7', '6.0', '0 '),
('穀物類', '小米', '365', '11.3', '3.7', '71.7', '2.2', '0 '),
('穀物類', '小麥', '337', '14.1', '2.6', '69.2', '11.3', '0 '),
('穀物類', '意麵', '281', '10.1', '1.0', '60.1', '4.5', '3 '),
('穀物類', '拉麵', '289', '9.1', '0.8', '62.1', '1.3', '0 '),
('穀物類', '燕麥片', '383', '12.3', '9.7', '64.1', '4.7', '0 '),
('穀物類', '玉米筍', '26', '2.2', '0.3', '5.8', '2.6', '0 '),
('穀物類', '白玉米', '58', '3.4', '0.6', '11.5', '3.7', '0 '),
('穀物類', '白飯', '181', '3.1', '0.3', '41.0', '0.6', '0 '),
('穀物類', '米漿', '60', '0.6', '0.5', '13.7', '0.7', '0 '),
('穀物類', '米粉', '364', '2.1', '0.8', '85.3', '0.8', '0 '),
('穀物類', '米苔目', '120', '0.6', '0.1', '29.6', '0.1', '0 '),
('穀物類', '糙米漿', '69', '1.3', '2.2', '11.6', '0.9', '0 '),
('穀物類', '紅藜', '361', '12.1', '6.7', '66.8', '8.3', '0 '),
('穀物類', '紫玉米', '157', '4.5', '1.0', '34.4', '4.9', '0 '),
('穀物類', '薏仁', '374', '14.1', '6.1', '66.2', '1.8', '0 '),
('穀物類', '鍋燒意麵', '472', '10.0', '22.8', '58.5', '3.0', '12 '),
('穀物類', '鍋燒麵', '119', '4.5', '0.4', '24.6', '0.5', '0 '),
('穀物類', '雙色水果玉米', '97', '3.1', '2.6', '17.5', '4.0', '0 '),
('穀物類', '麥茶', '17', '0.0', '0.0', '4.4', '0.0', '0 '),
('穀物類', '麵條', '350', '11.8', '1.2', '74.4', '2.5', '0 '),
('穀物類', '麵線', '345', '11.7', '1.5', '72.4', '2.5', '0 '),
('糕餅點心類', '乳酪蛋糕', '294', '7.0', '21.3', '19.1', '0.7', '149 '),
('糕餅點心類', '仙草凍', '18', '0.9', '0.1', '3.7', '0.4', '0 '),
('糕餅點心類', '傳統豆花(未加糖)', '37', '3.2', '1.9', '2.1', '0.6', '0 '),
('糕餅點心類', '原味愛玉凍', '1', '0.0', '0.0', '0.4', '0.3', '0 '),
('糕餅點心類', '可頌', '448', '7.3', '26.1', '47.1', '2.1', '32 '),
('糕餅點心類', '土司', '282', '9.5', '6.3', '48.6', '3.0', '7 '),
('糕餅點心類', '太陽餅', '459', '5.3', '20.5', '63.6', '0.4', '19 '),
('糕餅點心類', '奶酥麵包', '374', '9.1', '15.7', '49.8', '1.1', '41 '),
('糕餅點心類', '巧克力冰淇淋', '191', '4.2', '10.6', '19.9', '0.0', '8 '),
('糕餅點心類', '巧克力泡芙', '585', '10.3', '40.4', '46.2', '2.1', '146 '),
('糕餅點心類', '巧克力牛奶軟糖', '422', '3.4', '11.3', '76.7', '0.0', '18 '),
('糕餅點心類', '廣式蘿蔔糕', '109', '2.2', '2.3', '20.4', '0.9', '5 '),
('糕餅點心類', '提拉米蘇', '326', '4.4', '25.1', '21.1', '0.6', '108 '),
('糕餅點心類', '方塊酥', '507', '7.1', '24.1', '66.1', '0.9', '31 '),
('糕餅點心類', '果凍', '90', '0.0', '0.2', '22.3', '0.1', '0 '),
('糕餅點心類', '棉花糖', '331', '3.2', '0.3', '78.9', '0.0', '0 '),
('糕餅點心類', '檸檬愛玉凍', '52', '0.0', '0.0', '13.1', '0.0', '0 '),
('糕餅點心類', '沙其馬', '483', '5.6', '24.8', '60.2', '1.6', '38 '),
('糕餅點心類', '洋芋片', '548', '5.2', '34.3', '55.8', '2.2', '0 '),
('糕餅點心類', '漢堡包', '315', '9.1', '7.4', '54.9', '3.0', '12 '),
('糕餅點心類', '烤布丁', '138', '4.7', '7.1', '13.8', '0.0', '110 '),
('糕餅點心類', '煎餅', '435', '6.3', '11.7', '78.3', '4.1', '31 '),
('糕餅點心類', '營養口糧', '418', '6.8', '8.7', '79.7', '2.7', '0 '),
('糕餅點心類', '牛奶巧克力', '546', '9.4', '32.6', '54.0', '0.0', '9 '),
('糕餅點心類', '牛奶軟糖', '423', '2.9', '11.1', '78.0', '0.0', '21 '),
('糕餅點心類', '牛舌餅', '410', '5.7', '13.2', '67.4', '0.2', '0 '),
('糕餅點心類', '牛軋糖', '470', '9.7', '21.7', '60.8', '3.3', '0 '),
('糕餅點心類', '玉米餅乾(原味)', '493', '7.6', '24.3', '63.8', '5.3', '0 '),
('糕餅點心類', '甘薯蜜餞', '338', '0.9', '0.6', '84.3', '4.1', '0 '),
('糕餅點心類', '甜年糕', '240', '2.3', '0.4', '57.2', '0.5', '0 '),
('糕餅點心類', '糖粒甜甜圈', '397', '5.3', '19.8', '50.3', '2.0', '26 '),
('糕餅點心類', '紅豆牛奶冰棒', '151', '3.5', '4.9', '24.3', '1.7', '6 '),
('糕餅點心類', '羊乳片', '410', '23.4', '10.0', '56.6', '0.0', '21 '),
('糕餅點心類', '肉鬆麵包', '422', '8.1', '22.9', '47.6', '3.1', '34 '),
('糕餅點心類', '芒果乾', '363', '0.6', '1.0', '90.0', '3.4', '0 '),
('糕餅點心類', '芒果青', '217', '0.6', '0.4', '54.2', '2.9', '0 '),
('糕餅點心類', '芭樂果乾', '329', '1.1', '0.2', '85.2', '8.9', '0 '),
('糕餅點心類', '花生仁湯', '105', '2.8', '5.1', '12.7', '1.6', '0 '),
('糕餅點心類', '花生糖', '556', '17.9', '35.3', '43.3', '3.0', '0 '),
('糕餅點心類', '菠蘿麵包', '376', '9.2', '15.0', '51.5', '0.9', '55 '),
('糕餅點心類', '葡萄乾', '328', '3.2', '1.5', '78.7', '5.9', '0 '),
('糕餅點心類', '薑糖', '357', '0.3', '2.5', '84.0', '1.1', '0 '),
('糕餅點心類', '蘇打餅乾(蔬菜)', '506', '7.8', '24.7', '64.5', '2.8', '6 '),
('糕餅點心類', '蘿蔔酥', '420', '7.5', '20.9', '52.3', '3.3', '19 '),
('糕餅點心類', '蛋塔', '372', '4.1', '21.7', '41.1', '1.5', '180 '),
('糕餅點心類', '蛋黃芋頭酥', '212', '3.1', '3.0', '44.2', '2.2', '38 '),
('糕餅點心類', '蛋黃酥', '457', '11.4', '26.4', '44.5', '2.0', '577 '),
('糕餅點心類', '蜂蜜蛋糕', '345', '6.5', '14.5', '47.4', '0.6', '160 '),
('糕餅點心類', '豆花(花生)', '58', '2.0', '0.9', '10.9', '0.8', '0 '),
('糕餅點心類', '車輪餅(紅豆)', '174', '2.1', '1.1', '42.3', '6.5', '10 '),
('糕餅點心類', '銅鑼燒', '328', '3.4', '9.9', '57.2', '1.9', '74 '),
('糕餅點心類', '雪餅', '484', '5.8', '19.4', '72.3', '1.0', '0 '),
('糕餅點心類', '餐包', '361', '7.2', '14.9', '50.5', '2.0', '14 '),
('糕餅點心類', '香草冰淇淋', '182', '2.5', '9.1', '22.6', '0.0', '10 '),
('糕餅點心類', '鬆餅', '253', '3.2', '2.6', '55.1', '1.4', '8 '),
('糕餅點心類', '鳳梨果乾', '341', '2.0', '0.3', '84.6', '3.4', '0 '),
('糕餅點心類', '鳳梨酥', '480', '4.2', '24.4', '62.0', '1.7', '6 '),
('糕餅點心類', '鳳眼糕', '377', '3.8', '0.8', '89.0', '0.7', '0 '),
('糕餅點心類', '黃布丁', '109', '2.3', '3.5', '17.3', '0.0', '10 '),
('糕餅點心類', '黑巧克力(85%)', '584', '10.9', '46.1', '38.7', '14.2', '0 '),
('肉類', '去皮去骨雞腿', '164', '19.8', '8.9', '0.0', '0.0', '116 '),
('肉類', '土番鴨', '110', '20.9', '2.4', '0.0', '0.0', '93 '),
('肉類', '土雞', '188', '19.0', '11.9', '0.0', '0.0', '106 '),
('肉類', '小羊腰脊肉', '142', '26.5', '3.3', '0.0', '0.0', '67 '),
('肉類', '板腱 ', '166', '19.8', '9.0', '0.2', '0.0', '61 '),
('肉類', '棒棒腿', '149', '18.9', '7.7', '0.0', '0.0', '66 '),
('肉類', '櫻桃鴨胸肉片', '226', '16.7', '17.2', '4.7', '0.0', '96 '),
('肉類', '沙朗牛排', '162', '20.4', '8.3', '1.5', '0.0', '60 '),
('肉類', '滷豬腳', '237', '28.4', '15.4', '0.0', '0.0', '53 '),
('肉類', '火雞肉', '140', '21.1', '5.6', '0.0', '0.0', '54 '),
('肉類', '烏骨雞', '212', '17.9', '15.1', '0.8', '0.0', '84 '),
('肉類', '烤雞', '232', '22.8', '14.2', '3.6', '0.0', '123 '),
('肉類', '牛五花肉火鍋片', '430', '15.7', '40.3', '0.0', '0.0', '71 '),
('肉類', '牛前胸肉', '330', '14.8', '29.7', '0.0', '0.0', '65 '),
('肉類', '牛去骨肩胛小排', '233', '16.9', '17.9', '1.2', '0.0', '74 '),
('肉類', '牛嫩肩里肌火鍋片', '188', '20.0', '11.4', '1.8', '0.0', '71 '),
('肉類', '牛小排', '324', '15.1', '28.9', '0.0', '0.0', '69 '),
('肉類', '牛後腿肉', '121', '19.4', '4.3', '3.7', '0.0', '59 '),
('肉類', '牛後腿股肉', '153', '20.6', '7.2', '0.8', '0.0', '52 '),
('肉類', '牛後腿腱子心', '139', '19.8', '6.0', '0.0', '0.0', '76 '),
('肉類', '牛梅花肉火鍋片', '119', '20.3', '3.7', '0.9', '0.0', '63 '),
('肉類', '牛筋', '157', '21.7', '7.2', '3.3', '0.0', '52 '),
('肉類', '牛肋條', '225', '18.6', '16.2', '1.1', '0.0', '73 '),
('肉類', '牛肚', '55', '11.4', '0.8', '0.1', '0.0', '103 '),
('肉類', '番鴨', '224', '18.2', '16.2', '0.0', '0.0', '79 '),
('肉類', '羊排', '260', '18.8', '20.0', '0.0', '0.0', '83 '),
('肉類', '翅腿', '209', '17.8', '14.8', '1.0', '0.0', '98 '),
('肉類', '肉雞', '248', '16.1', '19.9', '0.0', '0.0', '74 '),
('肉類', '腓力牛排', '184', '20.6', '10.7', '0.1', '0.0', '67 '),
('肉類', '豬上肩肉', '206', '18.9', '14.0', '0.0', '0.0', '70 '),
('肉類', '豬下肩肉', '200', '18.1', '13.6', '0.0', '0.0', '69 '),
('肉類', '豬大腸', '198', '6.6', '18.9', '1.9', '0.0', '125 '),
('肉類', '豬大里肌', '211', '19.2', '14.4', '0.0', '0.0', '59 '),
('肉類', '豬小排', '287', '18.0', '23.3', '0.0', '0.0', '78 '),
('肉類', '豬小腸', '155', '12.5', '11.4', '0.6', '0.0', '184 '),
('肉類', '豬小里肌', '139', '21.1', '5.4', '0.0', '0.0', '68 '),
('肉類', '豬後腿瘦肉', '110', '21.1', '2.3', '1.3', '0.0', '57 '),
('肉類', '豬後腿肉', '122', '20.4', '4.0', '0.4', '0.0', '58 '),
('肉類', '豬皮', '490', '22.1', '44.0', '0.0', '0.0', '70 '),
('肉類', '豬耳', '233', '24.2', '14.4', '0.0', '0.0', '97 '),
('肉類', '豬肝', '125', '20.8', '4.1', '2.9', '0.0', '288 '),
('肉類', '豬肩胛排', '191', '17.9', '12.7', '0.0', '0.0', '79 '),
('肉類', '豬肩胛肉', '294', '16.5', '24.8', '0.0', '0.0', '71 '),
('肉類', '豬腳筋', '71', '14.4', '1.1', '0.0', '0.0', '13 '),
('肉類', '豬血', '29', '6.3', '0.3', '0.5', '0.0', '50 '),
('肉類', '豬蹄膀', '330', '17.1', '28.6', '0.0', '0.0', '94 '),
('肉類', '豬骨湯', '7', '0.9', '0.4', '0.0', '0.0', '3 '),
('肉類', '里肌肉', '109', '24.2', '0.6', '0.0', '0.0', '54 '),
('肉類', '雞心', '189', '13.3', '14.8', '0.1', '0.0', '150 '),
('肉類', '雞排', '183', '17.1', '12.2', '0.0', '0.0', '66 '),
('肉類', '雞皮', '441', '11.7', '43.4', '0.0', '0.0', '136 '),
('肉類', '雞絞肉', '131', '27.4', '1.6', '0.0', '0.0', '46 '),
('肉類', '雞肝', '111', '18.8', '3.5', '2.7', '0.0', '343 '),
('肉類', '雞腳', '215', '20.7', '14.1', '0.4', '0.0', '121 '),
('肉類', '鴨胗', '97', '20.5', '1.1', '0.3', '0.0', '187 '),
('肉類', '鴨腿', '282', '14.4', '24.5', '3.4', '0.0', '76 '),
('肉類', '鴨舌', '187', '16.0', '13.2', '0.0', '0.0', '154 '),
('肉類', '鴨血', '28', '6.0', '0.3', '0.0', '0.0', '41 '),
('肉類', '鴨賞', '304', '31.1', '17.6', '5.3', '0.0', '144 '),
('肉類', '鴨頭', '199', '16.5', '14.3', '0.0', '0.0', '282 '),
('肉類', '鵝肉', '187', '15.6', '13.4', '2.4', '0.0', '71 '),
('肉類', '鵝肝', '122', '20.5', '3.9', '0.6', '0.0', '383 '),
('肉類', '鵝腸', '62', '9.2', '2.6', '0.7', '0.0', '224 '),
('菇類', '乾木耳', '223', '13.8', '0.7', '74.7', '57.7', '0 '),
('菇類', '乾銀耳', '184', '10.1', '1.1', '71.0', '67.7', '0 '),
('菇類', '乾香菇', '250', '20.9', '1.6', '64.9', '37.1', '0 '),
('菇類', '木耳', '23', '0.9', '0.1', '8.8', '7.4', '0 '),
('菇類', '杏鮑菇', '35', '2.7', '0.2', '8.3', '3.1', '0 '),
('菇類', '金針菇', '33', '2.6', '0.3', '7.2', '2.3', '0 '),
('菇類', '銀耳', '11', '0.5', '0.2', '4.8', '5.1', '0 '),
('菇類', '香菇', '31', '3.0', '0.1', '7.6', '3.8', '0 '),
('蔬菜類', '不結球萵苣', '13', '1.1', '0.3', '2.8', '1.6', '0 '),
('蔬菜類', '九層塔', '21', '2.9', '0.4', '4.4', '3.4', '0 '),
('蔬菜類', '仙草', '18', '0.3', '0.2', '4.1', '0.1', '0 '),
('蔬菜類', '冬瓜', '8', '0.4', '0.1', '2.4', '1.1', '0 '),
('蔬菜類', '南瓜', '69', '1.9', '0.2', '17.3', '2.5', '0 '),
('蔬菜類', '大番茄', '16', '0.8', '0.1', '4.1', '1.0', '0 '),
('蔬菜類', '大蒜', '114', '6.7', '0.2', '26.4', '4.2', '0 '),
('蔬菜類', '嫩薑', '18', '0.0', '0.3', '4.8', '1.4', '0 '),
('蔬菜類', '小番茄', '29', '0.9', '0.2', '7.3', '1.7', '0 '),
('蔬菜類', '枸杞子', '325', '12.3', '1.3', '77.8', '11.2', '0 '),
('蔬菜類', '榨菜', '18', '1.3', '0.4', '4.6', '2.9', '0 '),
('蔬菜類', '洛神花乾', '239', '9.0', '0.6', '71.2', '34.9', '0 '),
('蔬菜類', '牛蒡', '74', '2.5', '0.4', '19.1', '5.1', '0 '),
('蔬菜類', '甘藍', '21', '1.3', '0.1', '4.8', '1.1', '0 '),
('蔬菜類', '甘藷葉', '21', '3.2', '0.3', '4.4', '3.3', '0 '),
('蔬菜類', '甜椒', '23', '1.0', '0.4', '5.9', '3.0', '0 '),
('蔬菜類', '白菜', '14', '1.2', '0.3', '2.9', '0.9', '0 '),
('蔬菜類', '白蘿蔔', '15', '0.5', '0.1', '3.9', '1.1', '0 '),
('蔬菜類', '空心菜', '17', '2.2', '0.3', '3.5', '2.1', '0 '),
('蔬菜類', '紅辣椒', '58', '3.6', '0.9', '16.4', '11.4', '0 '),
('蔬菜類', '紫蘇', '53', '5.5', '1.2', '11.9', '8.8', '0 '),
('蔬菜類', '紫高麗芽', '26', '0.2', '0.7', '6.6', '2.9', '0 '),
('蔬菜類', '絲瓜', '16', '1.1', '0.1', '3.9', '1.0', '0 '),
('蔬菜類', '綠蘆筍', '19', '2.7', '0.2', '3.5', '1.2', '0 '),
('蔬菜類', '老薑', '46', '1.1', '0.5', '11.7', '3.2', '0 '),
('蔬菜類', '胡瓜', '12', '0.7', '0.1', '2.9', '0.5', '0 '),
('蔬菜類', '胡蘿蔔', '33', '1.1', '0.1', '8.9', '2.6', '0 '),
('蔬菜類', '芥菜', '15', '1.5', '0.2', '3.5', '1.6', '0 '),
('蔬菜類', '芥藍菜', '16', '1.7', '0.3', '3.2', '1.9', '0 '),
('蔬菜類', '花椰菜', '19', '1.8', '0.1', '4.5', '2.0', '0 '),
('蔬菜類', '芹菜', '12', '0.8', '0.1', '3.1', '1.4', '0 '),
('蔬菜類', '苜蓿芽', '16', '3.2', '0.2', '2.5', '1.8', '0 '),
('蔬菜類', '苦瓜', '13', '0.9', '0.1', '4.1', '2.8', '0 '),
('蔬菜類', '茄子', '20', '1.2', '0.2', '5.3', '2.7', '0 '),
('蔬菜類', '茭白筍', '16', '1.3', '0.2', '4.0', '2.1', '0 '),
('蔬菜類', '茼蒿', '12', '1.7', '0.3', '2.2', '1.6', '0 '),
('蔬菜類', '菠菜', '14', '2.2', '0.3', '2.4', '1.9', '0 '),
('蔬菜類', '蘆薈', '1', '0.1', '0.4', '0.2', '1.4', '0 '),
('蔬菜類', '蘿蔔乾', '44', '2.2', '1.2', '10.8', '7.2', '0 '),
('蔬菜類', '蘿蔔葉', '10', '1.7', '0.2', '2.0', '1.9', '0 '),
('蔬菜類', '豌豆苗', '26', '3.7', '0.5', '4.4', '2.3', '0 '),
('蔬菜類', '酸菜', '12', '0.8', '0.3', '3.2', '2.3', '0 '),
('蔬菜類', '青江菜', '8', '1.0', '0.1', '1.8', '1.0', '0 '),
('蔬菜類', '青花菜', '22', '3.7', '0.2', '4.4', '3.1', '0 '),
('蔬菜類', '青蔥', '24', '1.4', '0.2', '6.0', '2.2', '0 '),
('蔬菜類', '青辣椒', '26', '1.3', '0.3', '6.9', '3.3', '0 '),
('蔬菜類', '韮菜', '18', '1.9', '0.4', '3.9', '2.4', '0 '),
('蔬菜類', '龍葵', '21', '3.8', '0.3', '3.4', '2.5', '0 '),
('藻類', '洋菜', '166', '0.3', '0.0', '78.3', '73.6', '0 '),
('藻類', '海帶', '14', '0.8', '0.1', '4.3', '2.8', '0 '),
('藻類', '海苔片', '227', '46.5', '3.7', '32.1', '26.5', '0 '),
('藻類', '紫菜', '212', '28.1', '0.9', '47.9', '29.0', '0 '),
('蛋類', '溫泉蛋', '127', '12.9', '7.8', '3.8', '0.0', '393 '),
('蛋類', '滷蛋', '171', '16.4', '11.1', '4.6', '0.0', '479 '),
('蛋類', '煎蛋(不加油)', '160', '13.5', '11.3', '4.9', '0.0', '473 '),
('蛋類', '茶葉蛋', '141', '13.7', '9.1', '2.2', '0.0', '390 '),
('蛋類', '蒸蛋', '64', '5.3', '4.6', '2.2', '0.0', '156 '),
('蛋類', '雞水煮蛋', '144', '14.0', '9.2', '1.7', '0.0', '383 '),
('蛋類', '雞水煮蛋白', '60', '13.6', '0.2', '1.5', '0.0', '0 '),
('蛋類', '雞水煮蛋黃', '342', '15.5', '30.5', '2.9', '0.0', '1221 '),
('蛋類', '雞皮蛋', '132', '12.8', '8.5', '3.6', '0.0', '447 '),
('蛋類', '雞蛋', '135', '12.7', '8.9', '1.6', '0.0', '389 '),
('蛋類', '雞蛋白', '50', '11.2', '0.1', '0.5', '0.0', '0 '),
('蛋類', '雞蛋黃', '307', '15.2', '26.8', '3.6', '0.0', '1177 '),
('蛋類', '鴨皮蛋', '158', '12.8', '11.4', '2.7', '0.0', '559 '),
('蛋類', '鴨蛋', '187', '13.1', '14.4', '0.2', '0.0', '219 '),
('蛋類', '鴨蛋白', '47', '10.8', '0.0', '1.4', '0.0', '0 '),
('蛋類', '鴨蛋黃', '346', '15.8', '30.8', '2.0', '0.0', '1220 '),
('蛋類', '鴨鹹蛋', '185', '13.3', '14.1', '1.1', '0.0', '544 '),
('蛋類', '鴨鹹蛋黃', '532', '23.6', '47.6', '1.3', '0.0', '1891 '),
('蛋類', '鵪鶉蛋', '172', '12.7', '13.0', '1.2', '0.0', '606 '),
('蛋類', '鵪鶉鐵蛋', '439', '28.8', '26.9', '20.4', '0.0', '1575 '),
('調味料及香辛料類', '低脂高湯', '2', '0.3', '0.0', '0.3', '0.0', '0 '),
('調味料及香辛料類', '凱撒沙拉醬', '335', '1.4', '29.1', '17.3', '0.4', '31 '),
('調味料及香辛料類', '千島沙拉醬', '514', '1.0', '49.3', '16.7', '0.4', '37 '),
('調味料及香辛料類', '味噌', '206', '10.6', '4.5', '33.1', '4.5', '0 '),
('調味料及香辛料類', '和風沙拉醬', '128', '2.1', '1.7', '26.3', '0.3', '0 '),
('調味料及香辛料類', '山葵醬', '327', '1.1', '5.9', '70.2', '5.3', '0 '),
('調味料及香辛料類', '巧克力醬(液體)', '272', '2.0', '0.8', '65.4', '2.1', '0 '),
('調味料及香辛料類', '排骨醬', '218', '2.3', '4.4', '43.1', '1.4', '0 '),
('調味料及香辛料類', '日式照燒醬', '227', '3.0', '0.5', '52.6', '0.1', '0 '),
('調味料及香辛料類', '柚子果醬', '262', '0.6', '0.8', '64.5', '2.4', '0 '),
('調味料及香辛料類', '桑葚果醬', '224', '0.9', '0.4', '54.9', '1.1', '0 '),
('調味料及香辛料類', '沙拉醬', '644', '1.9', '65.7', '11.4', '0.1', '34 '),
('調味料及香辛料類', '沙茶醬', '721', '10.2', '71.8', '10.4', '3.7', '33 '),
('調味料及香辛料類', '法式奶酥醬', '596', '6.7', '46.5', '37.6', '0.0', '48 '),
('調味料及香辛料類', '烏醋', '36', '0.5', '0.0', '8.7', '0.0', '0 '),
('調味料及香辛料類', '烤肉醬', '155', '5.2', '0.8', '32.1', '0.7', '0 '),
('調味料及香辛料類', '牛排醬', '127', '2.5', '0.0', '30.1', '1.3', '0 '),
('調味料及香辛料類', '甜辣醬', '115', '1.0', '0.0', '28.1', '0.6', '0 '),
('調味料及香辛料類', '糖醋醬', '129', '1.9', '2.6', '25.1', '0.7', '0 '),
('調味料及香辛料類', '素肉燥', '477', '12.4', '42.6', '12.5', '2.9', '0 '),
('調味料及香辛料類', '素食高湯', '17', '0.3', '0.0', '4.0', '0.0', '0 '),
('調味料及香辛料類', '肉燥', '397', '9.5', '38.1', '4.2', '0.0', '109 '),
('調味料及香辛料類', '花生醬', '635', '24.0', '54.3', '17.9', '10.6', '0 '),
('調味料及香辛料類', '草莓果醬', '268', '0.4', '1.2', '65.0', '1.6', '0 '),
('調味料及香辛料類', '葡萄果醬', '257', '0.0', '1.9', '60.9', '1.5', '0 '),
('調味料及香辛料類', '蒜蓉醬', '279', '4.2', '20.0', '21.2', '1.2', '0 '),
('調味料及香辛料類', '蕃茄醬', '110', '1.6', '0.1', '26.7', '1.4', '0 '),
('調味料及香辛料類', '蘑菇醬', '55', '1.5', '2.4', '7.7', '1.3', '0 '),
('調味料及香辛料類', '蝦醬', '99', '19.6', '1.7', '1.3', '0.0', '277 '),
('調味料及香辛料類', '豆瓣醬', '170', '14.2', '8.1', '12.2', '4.1', '0 '),
('調味料及香辛料類', '辣椒醬', '73', '2.6', '2.9', '11.5', '4.7', '0 '),
('調味料及香辛料類', '辣豆瓣醬', '89', '4.5', '3.3', '13.1', '5.2', '0 '),
('調味料及香辛料類', '醬油', '90', '7.8', '0.0', '14.7', '0.0', '0 '),
('調味料及香辛料類', '醬油膏', '103', '6.8', '0.0', '19.0', '0.0', '0 '),
('調味料及香辛料類', '魚露', '64', '10.2', '0.2', '5.3', '0.0', '0 '),
('調味料及香辛料類', '鮮雞精', '261', '10.8', '10.1', '33.3', '2.9', '25 '),
('調味料及香辛料類', '黑胡椒醬', '113', '2.5', '0.5', '25.5', '1.5', '0 '),
('調味料及香辛料類', '黑豆油膏', '145', '7.8', '0.1', '28.6', '0.4', '0 '),
('豆類', '冬粉', '348', '0.1', '0.1', '87.5', '1.4', '0 '),
('豆類', '毛豆', '97', '12.9', '1.7', '15.0', '11.0', '0 '),
('豆類', '紅豆', '289', '20.9', '0.6', '61.5', '18.5', '0 '),
('豆類', '綠豆', '311', '22.8', '1.1', '63.0', '15.8', '0 '),
('豆類', '豆漿', '55', '3.2', '1.3', '9.0', '2.1', '0 '),
('豆類', '豆漿(無糖)', '32', '3.6', '1.9', '0.7', '1.3', '0 '),
('豆類', '豌豆', '34', '2.9', '0.2', '7.1', '3.2', '0 '),
('豆類', '青仁黑豆', '340', '37.0', '14.2', '33.7', '21.5', '0 '),
('豆類', '鹹豆漿', '36', '3.5', '1.8', '1.7', '0.1', '2 '),
('豆類', '鹽酥蠶豆', '408', '26.9', '20.9', '46.3', '23.1', '0 '),
('豆類', '黃仁黑豆', '204', '20.6', '2.1', '40.3', '23.3', '0 '),
('豆類', '黃豆', '358', '35.6', '15.7', '32.9', '14.5', '0 '),
('豆類', '黑豆漿', '39', '1.1', '0.6', '7.4', '0.1', '0 '),
('飲料類', '仙草蜜', '35', '0.0', '0.0', '8.8', '0.1', '0 '),
('飲料類', '冬瓜茶', '33', '0.0', '0.0', '8.3', '0.0', '0 '),
('飲料類', '加鹽沙士', '62', '0.8', '4.3', '5.1', '0.0', '0 '),
('飲料類', '可樂', '51', '0.0', '0.0', '12.8', '0.0', '0 '),
('飲料類', '拿鐵咖啡(無糖)', '42', '3.0', '2.0', '3.4', '0.0', '9 '),
('飲料類', '杏仁茶', '397', '3.5', '5.2', '84.7', '0.7', '0 '),
('飲料類', '柳橙汁(100%)', '47', '0.6', '0.3', '10.7', '0.3', '0 '),
('飲料類', '植物燕麥奶', '430', '12.0', '13.2', '67.5', '3.2', '0 '),
('飲料類', '檸檬汁(非原汁)', '32', '0.8', '0.1', '7.1', '0.1', '0 '),
('飲料類', '沙士', '36', '0.0', '0.0', '9.2', '0.0', '0 '),
('飲料類', '烏梅汁', '57', '0.3', '0.2', '13.8', '0.2', '0 '),
('飲料類', '烏龍茶', '0', '0.1', '0.0', '0.1', '0.0', '0 '),
('飲料類', '紅茶(大麥)', '34', '0.0', '0.0', '8.6', '0.0', '0 '),
('飲料類', '綠茶', '21', '0.0', '0.0', '5.4', '0.0', '0 '),
('飲料類', '美式咖啡(無糖)', '2', '0.2', '0.1', '0.3', '0.0', '0 '),
('飲料類', '芝麻糊', '450', '9.3', '15.4', '70.7', '4.2', '0 '),
('飲料類', '芭樂汁(非原汁)', '44', '0.2', '0.1', '11.0', '0.1', '0 '),
('飲料類', '茉莉花茶', '28', '0.1', '0.0', '7.1', '0.0', '0 '),
('飲料類', '葡萄柚汁(非原汁)', '40', '0.2', '0.2', '9.7', '0.5', '0 '),
('飲料類', '蔓越莓汁(非原汁)', '44', '0.9', '0.1', '10.0', '0.0', '0 '),
('飲料類', '蕃茄汁(非原汁)', '21', '0.7', '0.2', '4.4', '0.3', '0 '),
('飲料類', '薑母茶', '28', '0.0', '0.0', '7.0', '0.0', '0 '),
('飲料類', '蘋果汁(100%)', '50', '0.1', '0.2', '12.2', '0.1', '0 '),
('飲料類', '西瓜汁(非原汁)', '29', '1.1', '0.1', '6.1', '0.1', '0 '),
('飲料類', '鳳梨汁(非原汁)', '47', '0.3', '0.2', '11.3', '0.2', '0 '),
('魚貝類', '台灣蜆', '51', '8.9', '1.4', '9.8', '0.0', '55 '),
('魚貝類', '台灣鯛魚片(生)', '109', '18.2', '3.6', '2.5', '0.0', '38 '),
('魚貝類', '大文蛤', '20', '4.4', '0.2', '1.5', '0.0', '16 '),
('魚貝類', '大目鮪', '103', '23.9', '0.1', '0.0', '0.0', '60 '),
('魚貝類', '小魚干', '335', '69.2', '4.4', '0.0', '0.0', '669 '),
('魚貝類', '干貝(乾)', '242', '53.7', '1.4', '10.8', '0.0', '127 '),
('魚貝類', '干貝(冷凍)', '57', '12.7', '0.4', '1.7', '0.0', '38 '),
('魚貝類', '文蛤', '36', '7.6', '0.5', '2.7', '0.0', '39 '),
('魚貝類', '旗魚切片', '110', '26.0', '0.0', '0.8', '0.0', '36 '),
('魚貝類', '旗魚肚', '99', '22.5', '0.4', '2.9', '0.0', '347 '),
('魚貝類', '日本銀帶鯡', '101', '21.0', '1.3', '0.0', '0.0', '188 '),
('魚貝類', '日本龍蝦', '92', '21.5', '0.1', '1.0', '0.0', '86 '),
('魚貝類', '明蝦仁', '51', '11.9', '0.1', '0.0', '0.0', '155 '),
('魚貝類', '柴魚片', '382', '76.5', '6.2', '2.6', '0.0', '240 '),
('魚貝類', '正鰹', '149', '23.1', '5.6', '0.0', '0.0', '64 '),
('魚貝類', '海蜇皮', '18', '4.4', '0.0', '2.2', '0.0', '22 '),
('魚貝類', '烏賊', '57', '12.2', '0.6', '3.7', '0.0', '193 '),
('魚貝類', '牡蠣干', '242', '41.0', '7.5', '26.2', '0.0', '182 '),
('魚貝類', '白帶魚', '101', '19.6', '2.0', '0.0', '0.0', '69 '),
('魚貝類', '真牡蠣', '54', '9.4', '1.6', '4.2', '0.0', '55 '),
('魚貝類', '石斑魚', '115', '19.1', '3.7', '0.0', '0.0', '87 '),
('魚貝類', '秋刀魚', '313', '18.8', '25.9', '0.0', '0.0', '43 '),
('魚貝類', '章魚', '60', '13.0', '0.6', '0.9', '0.0', '183 '),
('魚貝類', '紅肉鮭魚切片', '157', '24.3', '6.0', '0.0', '0.0', '53 '),
('魚貝類', '紅色吳郭魚', '107', '18.3', '3.3', '1.3', '0.0', '46 '),
('魚貝類', '紅蝦仁', '43', '9.5', '0.3', '1.5', '0.0', '150 '),
('魚貝類', '紅蟳', '121', '20.9', '3.6', '6.5', '0.0', '296 '),
('魚貝類', '草對蝦', '100', '22.0', '0.7', '1.0', '0.0', '157 '),
('魚貝類', '草蝦仁', '43', '9.7', '0.3', '0.9', '0.0', '145 '),
('魚貝類', '藍對蝦', '95', '20.9', '0.6', '0.0', '0.0', '185 '),
('魚貝類', '虱目魚', '178', '21.8', '9.5', '0.2', '0.0', '59 '),
('魚貝類', '虱目魚腹肉', '341', '17.4', '29.6', '0.0', '0.0', '107 '),
('魚貝類', '蛙形蟹', '71', '16.6', '0.1', '2.8', '0.0', '54 '),
('魚貝類', '蝦米', '263', '57.1', '2.2', '0.0', '0.0', '645 '),
('魚貝類', '蟹腳肉', '51', '11.6', '0.2', '1.3', '0.0', '108 '),
('魚貝類', '醃漬鮭魚卵', '218', '24.9', '10.2', '6.7', '0.0', '419 '),
('魚貝類', '鬚赤蝦', '92', '20.7', '0.4', '0.6', '0.0', '230 '),
('魚貝類', '鬼頭刀', '106', '21.8', '1.5', '0.0', '0.0', '53 '),
('魚貝類', '魚漿(旗魚)', '104', '16.8', '1.3', '7.8', '2.6', '24 '),
('魚貝類', '魩仔魚', '123', '26.2', '1.3', '1.0', '0.0', '291 '),
('魚貝類', '鮑魚', '68', '15.8', '0.1', '9.5', '0.0', '53 '),
('魚貝類', '鮪魚生魚片', '100', '23.3', '0.1', '0.0', '0.0', '32 '),
('魚貝類', '鮪魚肚', '105', '23.4', '0.7', '0.0', '0.0', '340 '),
('魚貝類', '鯊魚切片', '105', '24.8', '0.0', '0.0', '0.0', '51 '),
('魚貝類', '鯊魚煙', '98', '22.3', '0.4', '0.0', '0.0', '69 '),
('魚貝類', '鯊魚皮', '58', '13.5', '0.1', '0.0', '0.0', '47 '),
('魚貝類', '鯊魚翅', '185', '43.5', '0.0', '0.0', '0.0', '59 '),
('魚貝類', '鯖魚', '416', '14.4', '39.4', '0.2', '0.0', '60 '),
('魚貝類', '鯛魚下巴', '245', '16.1', '19.6', '0.0', '0.0', '98 '),
('魚貝類', '鰹魚卵', '183', '21.5', '10.2', '0.6', '0.0', '657 ');

-- --------------------------------------------------------

--
-- 資料表結構 `eat_menu`
--

CREATE TABLE `eat_menu` (
  `eat_intensity` int(1) NOT NULL,
  `carbohydrates` int(2) DEFAULT NULL,
  `protein` int(2) DEFAULT NULL,
  `fat` int(2) DEFAULT NULL
) ENGINE=InnoDB DEFAULT CHARSET=utf8;

--
-- 傾印資料表的資料 `eat_menu`
--

INSERT INTO `eat_menu` (`eat_intensity`, `carbohydrates`, `protein`, `fat`) VALUES
(1, 35, 45, 20),
(2, 25, 45, 30),
(3, 30, 40, 30),
(4, 60, 20, 20),
(5, 45, 40, 15),
(6, 45, 35, 20),
(7, 50, 30, 20),
(8, 55, 25, 20),
(9, 50, 30, 20);

-- --------------------------------------------------------

--
-- 資料表結構 `fit_comment`
--

CREATE TABLE `fit_comment` (
  `item` varchar(8) CHARACTER SET utf8 NOT NULL,
  `comment` varchar(270) CHARACTER SET utf8 DEFAULT NULL
) ENGINE=InnoDB DEFAULT CHARSET=utf8mb4 COLLATE=utf8mb4_unicode_ci;

--
-- 傾印資料表的資料 `fit_comment`
--

INSERT INTO `fit_comment` (`item`, `comment`) VALUES
('159', '951'),
('test2', 'test2'),
('test3', 'test3'),
('test45', '33333333333333'),
('T字飛鳥', '胸部靠在調為 30 度角的上斜推舉椅上。 讓雙臂筆直垂下，掌心相對，繃緊核心肌群並夾緊肩胛骨，將雙臂筆直朝身體外側舉起，直到與地面平行。停頓一下，然後慢慢將手臂放回至起始位置。'),
('下腹抬腿', '臥躺，手抱頭，雙腿稍微彎曲並上抬。核心收緊，讓背部緊貼地板，吸氣，雙腳慢慢放下，快接近地面時，吐氣，以腹部力量再抬起。'),
('仰臥三頭屈伸', '坐在平板凳的一端，雙腿自然分開，腳尖和膝蓋保持在自然向前的相同力線，反手全握槓鈴，握距與肩同寬，置於胸前，然後緩緩躺下，髖關節保持中立，就是屁股中間穩定在凳子上，腹部收緊，腰背挺直，縮緊肩胛骨，將槓鈴推舉到胸的前上方，不要將肩膀送出，肘關節伸直不鎖死，此為初始動作，吸氣，大臂保持不動，緩緩下放槓鈴，至槓鈴杆到額頭前上方，感覺肱三頭肌拉伸，呼吸，肱三頭肌發力，將槓鈴還原到初始位置，重複動作，呼吸速率2~4秒，腹部收緊，重量稍大的時候腰背會挺起，但不能挺起過高，縮緊肩胛骨，不要將肩膀送出，肘關節全程不能鎖死，握距可以略比肩窄。'),
('仰臥捲腹', '仰臥平躺，雙腿彎曲，腳掌平放於地，背部緊貼地面，雙手放在頭部後方，手指切勿交叉緊扣，呼氣時，頭部緩緩抬高，依個人能力，儘量抬高即可。如果做得到，上背離地抬高。眼睛看向肚臍，吸氣時， 回到起始姿勢， 頭部不可靠地休息。重複動作20?30下，節奏緩慢穩定。'),
('側腹抬腿', '雙腳一前一後交錯站立。將重心轉移至後腿，接著稍微提起前腿，但腳趾不要離地。將前腿同側的手朝天花板方向舉起，手掌握拳，將前腿舉至臀部高度，同時將手肘放低。身軀微彎，讓大腿與手肘靠近。回到起始姿勢。'),
('啞鈴上斜臥推', '一般建議將臥推椅調整至30度~45度之間，先將適合自己的重量放在膝蓋上方，在躺下來的時候利用腳的力量將啞鈴放置在肩膀上再往上推，吸氣下放，吐氣上推，把啞鈴往中間夾，記得保持挺胸及核心出力，保持直上直下。'),
('啞鈴划船', '握好啞鈴並面對箱子或椅子站好，將右手支撐於椅子上，背部保持平坦，膝蓋微彎，啞鈴自然下垂於肩膀下方，接著將啞鈴垂直上拉至軀幹的側面，然後回到起始姿勢並重複動作，吐氣時拉上去，吸氣時回復至起始位置。'),
('啞鈴夾胸', '平躺於臥推椅上，雙手持啞鈴，向上推(雙臂伸直手肘微彎)掌心相對，位置在胸部上方，雙手向外劃圓展開(過程中手肘保持微彎)，至手肘略低於身體水平線後依原路徑上舉。'),
('啞鈴彎舉', '雙腳踩自然站姿、抬頭挺胸背部打直，雙手持握啞鈴自然下垂，核心繃緊，以肘關節為支點，用二頭肌的力量將啞鈴上舉起至肩部，稍停1秒再緩緩下放至大腿兩側。'),
('啞鈴後飛鳥', '雙手拿住啞鈴放於身體兩側，雙腿分開與髖同寬，膝蓋和腳尖保持相同方向，在腰背挺直的前提下，屈髖屈膝，向前俯身，將啞鈴下放到膝蓋前下方，膝關節不超過腳尖。吸氣準備，呼氣時將啞鈴提至大小臂與肩同高，大臂與肩成一條直線，掌心向下，吸氣時三角肌控制手臂將啞鈴還原初始位置，腰背保持挺直，肩帶縮回下沉，膝關節微屈，膝蓋不要超過腳尖，身體不要搖晃。'),
('啞鈴深蹲', '雙手捧著啞鈴，將啞鈴擺在胸前，兩手內收，雙腳與髖關節同寬，吸氣時蹲下，髖關節向後移動，過程中胸部與背部保持挺直，身體下蹲並稍向前傾，呼氣時用腿部力量站起'),
('啞鈴站立提踵 ', '雙手先握著適合自己的啞鈴，雙璧放鬆，運用腳趾的力量將重量推高，到最高處稍停2秒，再慢慢回到初始位置。'),
('啞鈴肩飛鳥', '雙手各拿一個啞鈴，掌心朝內肘部微彎雙手微向前傾，動作起始時會先起動脊上肌，接著才會是三角肌直到啞鈴平舉至與地面平行為止，然後，將啞鈴緩緩放回起始位置。'),
('啞鈴臥推', '雙手握住握把中心點，將啞鈴先放在大腿前側做準備，身體往後平躺至臥推椅，手順勢將啞鈴推起，吸氣慢慢下放至胸線兩側，吐氣往上推至原本位置。'),
('啞鈴錘式彎舉', '雙手拿起啞鈴手臂夾住身體，防止上臂擺動借力，手腕鎖住，握緊啞鈴，到了最高點全程皆不要轉手腕，胳膊稍微往身體中心前方偏一下，呈內八字狀。'),
('坐姿啞鈴肩推', '坐在重訓椅上，背部挺直作為支撐。雙手拿啞鈴，然後將啞鈴擺在你的膝蓋上，將啞鈴舉至肩膀，緊握啞鈴，將啞鈴推舉過頭，直到手肘完全鎖死。停頓一下，然後慢慢將啞鈴放下，回到起始位置。'),
('坐姿纜繩划船', '坐於器械座椅上，雙腳踏於前端踏板上，雙腿微屈，腰背挺直，收緊腰腹，挺胸收肩，不要聳肩，選擇鍛鍊所需的把手（長柄、短柄或者V柄），雙手勾住把手，背部發力將把手拉至腹部，稍作停頓，慢慢恢復至起始姿勢。'),
('山羊挺身', '調整好羅馬椅的高度後，雙腳踩到器械的踏板上，雙腿伸直貼到器械下端的位置，身體俯臥到羅馬椅上端的位置。雙手交叉放置胸前，身體挺直，開始動作時吸氣，然後慢慢下腰，與地面水平的位置，再呼氣挺直身體，注意身體下落的時候要慢，有控制的下落，身體起來的時候，要比落下稍快一點。'),
('引體向上', '雙手握與肩同寬握好單槓，可使用正握、中立握姿或是反握，接著用力把胸部往上拉靠近單槓，然後回到起始姿勢並重複動作，吐氣時拉上去，吸氣時回復至起始位置。'),
('後腳抬高蹲', '首先站大約距離架子兩個腳掌寬，將後腳輕放置架子的圓筒上，重心放在前腳上，屁股微微往斜後方坐下，背部盡量保持平直，吸氣時臀部往下坐，吐氣時往上。'),
('斜板彎舉', '胸部靠在斜板側，上臂緊貼斜板上，兩手反握（掌心朝向自己）槓鈴或者啞鈴，手臂伸直，用力將槓鈴或者啞鈴彎舉到最高點，稍停1秒，然後緩慢還原。'),
('槓鈴上斜臥推', '臥推椅調整至30度~45度之間，躺臥在上斜臥推架的斜凳上，雙手抓握住槓鈴，將槓鈴從握推架上垂直向上慢慢推起至兩臂伸直並水平移到兩肩的垂直上方，吸氣下放，吐氣上推，'),
('槓鈴划船', '雙手握住槓鈴略比肩寬，將屁股(髖關節)往後推，盡量讓身體和地板水平，背部保持平坦，膝蓋微彎，槓鈴自然下垂於肩膀下方，接著將槓鈴垂直上拉至軀幹的側面，然後回到起始姿勢並重複動作，吐氣時拉上去，吸氣時回復至起始位置 。'),
('槓鈴彎舉', '雙腳踩自然站姿、抬頭挺胸背部打直，握距與肩同寬，雙手反握槓鈴自然下垂，上臂內側緊貼身體，以肘關節為支點，用二頭肌的力量將槓鈴上舉起至肩部，稍停1秒再緩緩下放至腿前。'),
('槓鈴早安', '將合適重量的槓鈴放在肩部上背部的斜方肌上，將你的腳分開放肩，繃緊腹部 ，正常呼吸，努力恢復，向臀部彎曲，直至大腿後部的腿筋開始限制動作。 稍微彎曲一下，讓它們伸展一下，但不要讓你感到疼痛或不適， 保持直背且不要蹲下。 所有的行動都在臀部，保持背部較緊的弧線。 保持頭部和胸部向上。 不要向後捲曲，回到起始位置。'),
('槓鈴深蹲', '身體移動到槓架的下方並將槓鈴置於背上，吸一口氣，吐氣時將槓身頂起，兩腳距離約與肩同寬，蹲下時吸氣，往上時吐氣，保持胸口挺立。'),
('槓鈴聳肩', '雙腳與肩同寬站立，雙手的握距比肩稍寬握住槓鈴置於身前，身體挺直，然後雙手握住槓鈴，自然放鬆下垂，雙肩盡力向上聳起，聳起的高度越高越好，在最高點的位置堅持不動，停留一秒鐘，然後慢慢地落下，回到起始位置。'),
('槓鈴肩推', '呈站姿，雙腳打開與臀部同寬，雙手張開與肩同寬並彎曲手臂，將一只槓鈴舉在胸前。兩手手肘應直直朝下，手腕應伸直，將槓鈴舉起過頂時，收緊腹肌並夾緊臀肌。將手臂在頭部上方伸直鎖死，並保持抬頭挺胸。身體切勿往後靠。小心地將啞鈴放回起始位置。'),
('槓鈴臀腿', '臀部觸地，雙腳打直，將槓鈴移動至腹部前方，屈膝並雙手握住槓鈴，讓槓鈴自然移動至適當位置，背部保持平直、繃緊核心，以臀部發力將槓鈴往上送，緩緩下放，恢復起始動作。'),
('槓鈴臥推', '躺平在臥推椅上，將你的手握住槓鈴以及夾緊肩胛，腳踩平在地面上，選擇一個適合你的握距，僅握住槓鈴且維持手腕的直立，深呼一口氣將槓鈴起槓，吐氣時槓鈴往上推，約從胸中線至肩膀處，維持你的下盤、臀部在臥推椅上，上推到頂點時呼吸。'),
('機械式上斜臥推', '坐在訓練機械上，雙手握住訓練握把，背部打直靠攏，吸氣時，將握把上推，吐氣時，再緩緩拉下。'),
('機械式器材肩推機', '初始動作。身體貼緊靠背，雙手握住把柄，保持肘部彎曲位於身體兩側，呼氣，用力向上推起至肘關節有一定角度，保持頂峰2-3秒，吸氣，緩慢回到初始動作，動作過程注意緩慢進行，切勿快速來回滾動'),
('機械式坐姿夾腿', '將雙腳放置在訓練版外側，吸氣時，將雙腳並攏，吐氣時，再緩緩打開雙腿。'),
('機械式坐姿腿外展', '將雙腳放置在訓練版內側，吸氣時，將雙腳打開，吐氣時，再緩緩收回雙腿。'),
('機械式夾胸', '挺直身體，不藉助外力，內夾時要用胸大肌發力同時要呼氣，盡量在合併時停個兩秒鐘，然後吸氣慢慢的還原。'),
('機械式後飛鳥', '調節到合適重量，面朝靠背坐著，腳尖朝前，膝蓋和腳尖保持相同方向，髖關節保持中立，男生注意不要頂著，腹部收緊，腰背挺直，胸部貼在靠背上，肩帶縮回下沉，下巴微收，目視前方，伸手抓住把手，肘關節伸直不鎖死，吸氣準備，呼氣，三角肌後束發力，帶中手臂水平外展，到大臂平行或略超過背部水平面，大小臂在同一平面，肘關節伸直不鎖死，三角肌後束有收縮感，肩胛骨保持緊縮，吸氣，三角肌後束控制手臂還原到初始位置，肩胛骨位置保持不變，不要含胸，重複動作，呼吸速率2~4秒，腰背保持挺直，肩胛骨始終收緊，儘量避免斜方肌上束髮力，外展時不要過多代償，回放時不要含胸。'),
('機械式拉背肌', '坐在拉背練習機的固定坐位上，採用寬握握住橫槓。挺胸沉肩，身體微微後傾，吸氣，背闊肌收縮，從頭上方位置垂直下拉橫槓至胸前，收緊肩胛骨緊縮背闊肌；稍停1-2秒鐘頂峰收縮，呼氣，慢慢還原，沿原路伸展背闊肌，直到背闊肌得到最充分的拉伸。'),
('滑輪下拉', '雙手在高於頭部的位置握好槓鈴，手抓位置1.5倍肩寬，預備姿勢 身體跪在機器正前方，手臂伸直、軀幹挺直而且核心肌群維持緊繃，接著將槓鈴下拉至下巴位置，然後回到起始姿勢並重複動作，吐氣時將啞鈴下拉，吸氣時將槓鈴回復至起始位置。'),
('相撲硬舉', '站距因人而定，一開始會讓槓鈴對其在腳掌中央，肩膀收好不要聳肩，背部保持挺直，核心出力站起，雙腳用力下踩，挺直身體，放回時靠著小腿慢慢下蹲，將槓鈴放回。'),
('纜繩下拉', '雙肘於身體兩側，並保持挺胸收腹、肩胛下壓，下拉時伸直手肘並吐氣，回去時吸氣，動作全程身體不搖晃、聳肩。'),
('纜繩夾胸', '收緊腹部，挺胸，腿是弓步，手握纜繩，開始時手臂出力交叉，速度不能太快，手臂儘量保持一個角度不要變，到最遠處稍停1秒，在緩慢收回'),
('纜繩彎舉', '軀幹與地面垂直，單手緊握纜繩，往上用力將纜繩拉起。'),
('纜繩肩飛鳥', '站在低位滑輪右側，左手交叉過身體握住低位滑輪的把手，用手掌向後轉的握姿，讓手臂放在身體前方。右手應該抓住機器支撐身體的平衡。保持背部挺直，雙腳肩同寬。將左手向身體外側拉升，直到到達肩膀高度的位置，在到達最高點時停留片刻，然後緩慢的將把手放回初始位置。'),
('纜繩過頭屈伸', '將滑輪機低滑輪裝上繩把，握住繩把，背對磅片，雙腳錯開站立，一隻腳在前，一隻腳在後，身體前傾，身體幾乎和地面平行，雙手於頭後方握住繩把，手肘彎曲呈90度(背部自然前拱)，上臂不動，前臂向前，直至手肘繃直，停頓一下，接著回到起始姿勢，上臂保持不動，手向後轉，掌心朝前，手臂完全繃直，動作過程中，注意力集中在肱三頭肌上面。'),
('纜繩錘式彎舉', '雙腳分開站立，相互平行，並保持其間距與肩同寬，微微彎曲雙腿膝關節，雙手握緊健身繩且雙臂肘關節與身體兩側緊緊靠攏，將健身繩拉向身體的胸部偏上部位並保持雙臂的上臂靜止不動。'),
('纜繩面拉', '後縮肩胛骨，抬起小臂，同時讓肘關節向外打開，兩個肘關節相互遠離，將繩索向兩側拉開，拉到繩索末端快要觸碰到頭部為止。'),
('纜繩髖屈伸', '將滑輪調至低位，與滑輪相距大約1米的距離，背對機器，雙腳與肩同寬，手由胯下向後伸，雙手抓住一個握柄，向前推動你的臀部和膕繩肌，直至你的髖關節和膝關節都伸直鎖定，保持脊椎背部挺直，保持1至2秒再慢慢放回。'),
('羅馬尼亞硬舉', '雙腳與肩同寬，雙手握槓放雙腳兩側，挺胸且膝蓋向外，吸氣閉氣，臀部相後推，槓鈴沿著大腿向下放但不落地，到背部與地面平行，最後將臀部往前推慢慢收回'),
('腿推機', '身體仰臥的角度介於ˋ45度到90度之間，腳放置於踏板上約與肩同寬，呼氣時出力推，到最遠處稍停2秒，吸氣時緩慢收回。'),
('膝伸機', '雙踝置於滾軸上方，雙手緊握手柄，吸氣時雙腳向上踢，結束時呼氣(坐姿)。'),
('膝屈機', '雙踝置於滾軸上方，雙手緊握手柄，吸氣時雙腳向上踢，結束時呼氣(平躺)。'),
('長凳撐體', '端坐在一把結實的椅子前面，將雙手放在髖部兩側，雙手抓握住椅子前沿。雙腿略伸展於身前，雙腳放在地面上，握緊椅子邊沿，身體向上提，直至膝蓋移至雙腳的正上方，同時在落下時身軀能夠摩擦椅子。在身後彎曲手肘，不能超出身體兩側，降低身體直至手肘彎曲呈90 度。用力按向椅子，將身體抬高恢復至起始位置。'),
('雙槓撐體', '手肘慢慢彎曲，身體下降，在最低位置時，頭部向前引，兩肘稍向外展，這時應該感到胸肌拉長伸展，用胸肌的力量，收縮撐起兩臂，使身體上升直至兩臂伸直，當上臂超過雙槓的水平位置時，臀部稍向後縮，上身低頭含胸，在兩臂伸直的時候，胸大肌處於收縮緊繃的狀態，動作要緩慢進行，不要借身體的擺盪或慣性助力完成動作，撐起時的速度可稍快，並注意是要用你的胸肌施力，挺胸、抬頭、收腹、不聳肩，為加大訓練強度可在腰間負重練習。');

-- --------------------------------------------------------

--
-- 資料表結構 `fit_detail`
--

CREATE TABLE `fit_detail` (
  `item` varchar(8) CHARACTER SET utf8 NOT NULL,
  `bodypart` varchar(6) CHARACTER SET utf8 NOT NULL,
  `day` int(1) DEFAULT NULL
) ENGINE=InnoDB DEFAULT CHARSET=utf8mb4 COLLATE=utf8mb4_unicode_ci;

--
-- 傾印資料表的資料 `fit_detail`
--

INSERT INTO `fit_detail` (`item`, `bodypart`, `day`) VALUES
('159', '159', 4),
('test2', 'test2', 1),
('test3', 'test3', 2),
('test45', 'testte', 2),
('T字飛鳥', '斜方肌', 4),
('下腹抬腿', '腹肌', 4),
('仰臥三頭屈伸', '三頭肌', 3),
('仰臥捲腹', '腹肌', 4),
('側腹抬腿', '腹肌', 4),
('啞鈴上斜臥推', '上胸肌', 1),
('啞鈴划船', '後背肌', 4),
('啞鈴夾胸', '胸大肌', 1),
('啞鈴彎舉', '二頭肌', 1),
('啞鈴後飛鳥', '後束三角肌', 3),
('啞鈴深蹲', '前側，內側腿', 2),
('啞鈴站立提踵 ', '臀腿外側', 2),
('啞鈴肩飛鳥', '中束三角肌', 3),
('啞鈴臥推', '中下胸', 1),
('啞鈴錘式彎舉', '二頭肌', 1),
('坐姿啞鈴肩推', '前束三角肌', 3),
('坐姿纜繩划船', '後背肌', 4),
('山羊挺身', '豎脊肌', 4),
('引體向上', '後背肌', 4),
('後腳抬高蹲', '前側，內側腿', 2),
('斜板彎舉', '二頭肌', 1),
('槓鈴上斜臥推', '上胸肌', 1),
('槓鈴划船', '後背肌', 4),
('槓鈴彎舉', '二頭肌', 1),
('槓鈴早安', '豎脊肌', 4),
('槓鈴深蹲', '前側，內側腿', 2),
('槓鈴聳肩', '斜方肌', 4),
('槓鈴肩推', '前束三角肌', 3),
('槓鈴臀腿', '臀腿外側', 2),
('槓鈴臥推', '中下胸', 1),
('機械式上斜臥推', '上胸肌', 1),
('機械式器材肩推機', '前束三角肌', 3),
('機械式坐姿夾腿', '前側，內側腿', 2),
('機械式坐姿腿外展', '臀腿外側', 2),
('機械式夾胸', '胸大肌', 1),
('機械式後飛鳥', '後束三角肌', 3),
('機械式拉背肌', '後背肌', 4),
('渦輪下拉', '後背肌', 4),
('相撲硬舉', '前側，內側腿', 2),
('纜繩下拉', '三頭肌', 3),
('纜繩夾胸', '胸大肌', 1),
('纜繩彎舉', '二頭肌', 1),
('纜繩肩飛鳥', '中束三角肌', 3),
('纜繩過頭屈伸', '三頭肌', 3),
('纜繩錘式彎舉', '二頭肌', 1),
('纜繩面拉', '後束三角肌', 3),
('纜繩髖屈伸', '臀腿外側', 2),
('羅馬尼亞硬舉', '臀腿外側', 2),
('羅馬尼亞硬舉', '豎脊肌', 4),
('腿推機', '前側，內側腿', 2),
('膝伸機', '前側，內側腿', 2),
('膝屈機', '臀腿外側', 2),
('長凳撐體', '三頭肌', 3),
('雙槓撐體', '三頭肌', 3);

-- --------------------------------------------------------

--
-- 資料表結構 `fit_menu`
--

CREATE TABLE `fit_menu` (
  `fit_intensity` int(2) NOT NULL,
  `item` varchar(8) NOT NULL,
  `group_num` varchar(7) DEFAULT NULL
) ENGINE=InnoDB DEFAULT CHARSET=utf8;

--
-- 傾印資料表的資料 `fit_menu`
--

INSERT INTO `fit_menu` (`fit_intensity`, `item`, `group_num`) VALUES
(1, '仰臥捲腹', '8下(2組)'),
(1, '啞鈴上斜臥推', '8下(2組)'),
(1, '啞鈴划船', '8下(2組)'),
(1, '啞鈴彎舉', '8下(2組)'),
(1, '啞鈴站立體踵', '8下(2組)'),
(1, '啞鈴臥推', '8下(2組)'),
(1, '坐姿啞鈴肩推', '8下(2組)'),
(1, '山羊挺身', '8下(2組)'),
(1, '機械式夾胸', '8下(2組)'),
(1, '纜繩肩飛鳥', '8下(2組)'),
(1, '纜繩面拉', '8下(2組)'),
(1, '腿推機', '8下(2組)'),
(1, '膝伸機', '8下(2組)'),
(1, '膝屈機', '8下(2組)'),
(1, '長凳撐體', '8下(2組)'),
(2, '下腹抬腿', '8下(2組)'),
(2, '啞鈴夾胸', '8下(2組)'),
(2, '啞鈴深蹲', '8下(2組)'),
(2, '坐姿啞鈴肩推', '8下(2組)'),
(2, '斜板彎舉', '8下(2組)'),
(2, '槓鈴上斜臥推', '8下(2組)'),
(2, '槓鈴划船', '8下(2組)'),
(2, '槓鈴聳肩', '8下(2組)'),
(2, '槓鈴臥推', '8下(2組)'),
(2, '纜繩彎舉', '8下(2組)'),
(2, '纜繩肩飛鳥', '8下(2組)'),
(2, '纜繩面拉', '8下(2組)'),
(2, '纜繩髖屈伸', '8下(2組)'),
(2, '羅馬尼亞硬舉', '8下(2組)'),
(2, '膝伸機', '8下(2組)'),
(2, '膝屈機', '8下(2組)'),
(2, '長凳撐體', '8下(2組)'),
(3, 'T字飛鳥', '8下(2組)'),
(3, '側腹抬腿', '8下(2組)'),
(3, '啞鈴深蹲', '8下(2組)'),
(3, '啞鈴肩飛鳥', '8下(2組)'),
(3, '坐姿纜繩划船', '8下(2組)'),
(3, '槓鈴早安', '8下(2組)'),
(3, '槓鈴臥推', '8下(2組)'),
(3, '機械式上斜臥推', '8下(2組)'),
(3, '機械式器材肩推機', '8下(2組)'),
(3, '纜繩下拉', '8下(2組)'),
(3, '纜繩夾胸', '8下(2組)'),
(3, '纜繩彎舉', '8下(2組)'),
(3, '纜繩面拉', '8下(2組)'),
(3, '纜繩髖屈伸', '8下(2組)'),
(3, '羅馬尼亞硬舉', '8下(2組)'),
(3, '腿推機', '8下(2組)'),
(4, '下腹抬腿', '8下(2組)'),
(4, '仰臥三頭屈伸', '8下(2組)'),
(4, '仰臥捲腹', '8下(2組)'),
(4, '啞鈴上斜臥推', '8下(2組)'),
(4, '啞鈴後飛鳥', '8下(2組)'),
(4, '啞鈴肩飛鳥', '8下(2組)'),
(4, '坐姿纜繩划船', '8下(2組)'),
(4, '山羊挺身', '8下(2組)'),
(4, '後腳抬高蹲', '8下(2組)'),
(4, '槓鈴上斜臥推', '8下(2組)'),
(4, '槓鈴划船', '8下(2組)'),
(4, '槓鈴彎舉', '8下(2組)'),
(4, '槓鈴深蹲', '8下(2組)'),
(4, '槓鈴聳肩', '8下(2組)'),
(4, '槓鈴肩推', '8下(2組)'),
(4, '槓鈴臀腿', '8下(2組)'),
(4, '槓鈴臥推', '8下(2組)'),
(4, '機械式坐姿夾腿', '8下(2組)'),
(4, '機械式坐姿腿外展', '8下(2組)'),
(4, '機械式夾胸', '8下(2組)'),
(4, '纜繩下拉', '8下(2組)'),
(4, '纜繩夾胸', '8下(2組)'),
(4, '纜繩面拉', '8下(2組)'),
(4, '纜繩髖屈伸', '8下(2組)'),
(4, '羅馬尼亞硬舉', '8下(2組)'),
(5, '下腹抬腿', '8下(2組)'),
(5, '仰臥三頭屈伸', '8下(2組)'),
(5, '側腹抬腿', '8下(2組)'),
(5, '啞鈴上斜臥推', '8下(2組)'),
(5, '啞鈴肩飛鳥', '8下(2組)'),
(5, '啞鈴臥推', '8下(2組)'),
(5, '槓鈴深蹲', '8下(2組)'),
(5, '槓鈴聳肩', '8下(2組)'),
(5, '槓鈴臥推', '8下(2組)'),
(5, '機械式上斜臥推', '8下(2組)'),
(5, '機械式器材肩推機', '8下(2組)'),
(5, '機械式坐姿夾腿', '8下(2組)'),
(5, '機械式坐姿腿外展', '8下(2組)'),
(5, '機械式後飛鳥', '8下(2組)'),
(5, '機械式拉背肌', '8下(2組)'),
(5, '渦輪下拉', '8下(2組)'),
(5, '纜繩夾胸', '8下(2組)'),
(5, '纜繩過頭屈伸', '8下(2組)'),
(5, '纜繩錘式彎舉', '8下(2組)'),
(5, '纜繩面拉', '8下(2組)'),
(5, '纜繩髖屈伸', '8下(2組)'),
(5, '羅馬尼亞硬舉', '8下(2組)'),
(5, '膝伸機', '8下(2組)'),
(6, 'T字飛鳥', '8下(2組)'),
(6, '下腹抬腿', '8下(2組)'),
(6, '仰臥三頭屈伸', '8下(2組)'),
(6, '側腹抬腿', '8下(2組)'),
(6, '啞鈴夾胸', '8下(2組)'),
(6, '啞鈴後飛鳥', '8下(2組)'),
(6, '啞鈴肩飛鳥', '8下(2組)'),
(6, '啞鈴臥推', '8下(2組)'),
(6, '啞鈴錘式彎舉', '8下(2組)'),
(6, '引體向上', '8下(2組)'),
(6, '槓鈴上斜臥推', '8下(2組)'),
(6, '槓鈴划船', '8下(2組)'),
(6, '槓鈴早安', '8下(2組)'),
(6, '槓鈴深蹲', '8下(2組)'),
(6, '槓鈴肩推', '8下(2組)'),
(6, '槓鈴臀腿', '8下(2組)'),
(6, '槓鈴臥推', '8下(2組)'),
(6, '機械式上斜臥推', '8下(2組)'),
(6, '機械式坐姿夾腿', '8下(2組)'),
(6, '機械式坐姿腿外展', '8下(2組)'),
(6, '相撲硬舉', '8下(2組)'),
(6, '纜繩面拉', '8下(2組)'),
(6, '羅馬尼亞硬舉', '8下(2組)'),
(6, '雙槓撐體', '8下(2組)'),
(7, 'T字飛鳥', '8下(3組)'),
(7, '仰臥捲腹', '8下(3組)'),
(7, '啞鈴上斜臥推', '8下(3組)'),
(7, '啞鈴划船', '8下(3組)'),
(7, '啞鈴彎舉', '8下(3組)'),
(7, '啞鈴站立體踵', '8下(3組)'),
(7, '啞鈴臥推', '8下(3組)'),
(7, '坐姿啞鈴肩推', '8下(3組)'),
(7, '山羊挺身', '8下(3組)'),
(7, '機械式夾胸', '8下(3組)'),
(7, '纜繩肩飛鳥', '8下(3組)'),
(7, '纜繩面拉', '8下(3組)'),
(7, '腿推機', '8下(3組)'),
(7, '膝伸機', '8下(3組)'),
(7, '膝屈機', '8下(3組)'),
(7, '長凳撐體', '8下(3組)'),
(8, '下腹抬腿', '8下(3組)'),
(8, '啞鈴夾胸', '8下(3組)'),
(8, '啞鈴深蹲', '8下(3組)'),
(8, '坐姿啞鈴肩推', '8下(3組)'),
(8, '斜板彎舉', '8下(3組)'),
(8, '槓鈴上斜臥推', '8下(3組)'),
(8, '槓鈴划船', '8下(3組)'),
(8, '槓鈴聳肩', '8下(3組)'),
(8, '槓鈴臥推', '8下(3組)'),
(8, '纜繩彎舉', '8下(3組)'),
(8, '纜繩肩飛鳥', '8下(3組)'),
(8, '纜繩面拉', '8下(3組)'),
(8, '纜繩髖屈伸', '8下(3組)'),
(8, '羅馬尼亞硬舉', '8下(3組)'),
(8, '膝伸機', '8下(3組)'),
(8, '膝屈機', '8下(3組)'),
(8, '長凳撐體', '8下(3組)'),
(9, 'T字飛鳥', '8下(3組)'),
(9, '側腹抬腿', '8下(3組)'),
(9, '啞鈴深蹲', '8下(3組)'),
(9, '啞鈴肩飛鳥', '8下(3組)'),
(9, '啞鈴臥推', '8下(3組)'),
(9, '坐姿纜繩划船', '8下(3組)'),
(9, '槓鈴早安', '8下(3組)'),
(9, '機械式上斜臥推', '8下(3組)'),
(9, '機械式器材肩推機', '8下(3組)'),
(9, '纜繩下拉', '8下(3組)'),
(9, '纜繩夾胸', '8下(3組)'),
(9, '纜繩彎舉', '8下(3組)'),
(9, '纜繩面拉', '8下(3組)'),
(9, '纜繩髖屈伸', '8下(3組)'),
(9, '羅馬尼亞硬舉', '8下(3組)'),
(9, '腿推機', '8下(3組)'),
(10, 'test3', '3下(3組)'),
(10, '下腹抬腿', '8下(3組)'),
(10, '仰臥三頭屈伸', '8下(3組)'),
(10, '仰臥捲腹', '8下(3組)'),
(10, '啞鈴上斜臥推', '8下(3組)'),
(10, '啞鈴後飛鳥', '8下(3組)'),
(10, '啞鈴肩飛鳥', '8下(3組)'),
(10, '坐姿纜繩划船', '8下(3組)'),
(10, '山羊挺身', '8下(3組)'),
(10, '後腳抬高蹲', '8下(3組)'),
(10, '槓鈴上斜臥推', '8下(3組)'),
(10, '槓鈴划船', '8下(3組)'),
(10, '槓鈴彎舉', '8下(3組)'),
(10, '槓鈴深蹲', '8下(3組)'),
(10, '槓鈴聳肩', '8下(3組)'),
(10, '槓鈴肩推', '8下(3組)'),
(10, '槓鈴臀腿', '8下(3組)'),
(10, '槓鈴臥推', '8下(3組)'),
(10, '機械式坐姿夾腿', '8下(3組)'),
(10, '機械式坐姿腿外展', '8下(3組)'),
(10, '機械式夾胸', '8下(3組)'),
(10, '纜繩下拉', '8下(3組)'),
(10, '纜繩夾胸', '8下(3組)'),
(10, '纜繩面拉', '8下(3組)'),
(10, '纜繩髖屈伸', '8下(3組)'),
(10, '羅馬尼亞硬舉', '8下(3組)'),
(11, '下腹抬腿', '8下(3組)'),
(11, '仰臥三頭屈伸', '8下(3組)'),
(11, '側腹抬腿', '8下(3組)'),
(11, '啞鈴上斜臥推', '8下(3組)'),
(11, '啞鈴肩飛鳥', '8下(3組)'),
(11, '啞鈴臥推', '8下(3組)'),
(11, '槓鈴深蹲', '8下(3組)'),
(11, '槓鈴聳肩', '8下(3組)'),
(11, '槓鈴臥推', '8下(3組)'),
(11, '機械式上斜臥推', '8下(3組)'),
(11, '機械式器材肩推機', '8下(3組)'),
(11, '機械式坐姿夾腿', '8下(3組)'),
(11, '機械式坐姿腿外展', '8下(3組)'),
(11, '機械式後飛鳥', '8下(3組)'),
(11, '機械式拉背肌', '8下(3組)'),
(11, '渦輪下拉', '8下(3組)'),
(11, '纜繩夾胸', '8下(3組)'),
(11, '纜繩過頭屈伸', '8下(3組)'),
(11, '纜繩錘式彎舉', '8下(3組)'),
(11, '纜繩面拉', '8下(3組)'),
(11, '纜繩髖屈伸', '8下(3組)'),
(11, '羅馬尼亞硬舉', '8下(3組)'),
(11, '膝伸機', '8下(3組)'),
(12, '159', '12下(5組)'),
(12, 'T字飛鳥', '8下(3組)'),
(12, '下腹抬腿', '8下(3組)'),
(12, '仰臥三頭屈伸', '8下(3組)'),
(12, '側腹抬腿', '8下(3組)'),
(12, '啞鈴夾胸', '8下(3組)'),
(12, '啞鈴後飛鳥', '8下(3組)'),
(12, '啞鈴肩飛鳥', '8下(3組)'),
(12, '啞鈴錘式彎舉', '8下(3組)'),
(12, '引體向上', '8下(3組)'),
(12, '槓鈴上斜臥推', '8下(3組)'),
(12, '槓鈴划船', '8下(3組)'),
(12, '槓鈴早安', '8下(3組)'),
(12, '槓鈴深蹲', '8下(3組)'),
(12, '槓鈴肩推', '8下(3組)'),
(12, '槓鈴臀腿', '8下(3組)'),
(12, '槓鈴臥推', '8下(3組)'),
(12, '機械式上斜臥推', '8下(3組)'),
(12, '機械式坐姿夾腿', '8下(3組)'),
(12, '機械式坐姿腿外展', '8下(3組)'),
(12, '相撲硬舉', '8下(3組)'),
(12, '纜繩夾胸', '8下(3組)'),
(12, '纜繩面拉', '8下(3組)'),
(12, '羅馬尼亞硬舉', '8下(3組)'),
(12, '雙槓撐體', '8下(3組)'),
(13, 'T字飛鳥', '12下(3組)'),
(13, '仰臥捲腹', '12下(3組)'),
(13, '啞鈴上斜臥推', '12下(3組)'),
(13, '啞鈴划船', '12下(3組)'),
(13, '啞鈴彎舉', '12下(3組)'),
(13, '啞鈴站立體踵', '12下(3組)'),
(13, '啞鈴臥推', '12下(3組)'),
(13, '坐姿啞鈴肩推', '12下(3組)'),
(13, '山羊挺身', '12下(3組)'),
(13, '機械式夾胸', '12下(3組)'),
(13, '纜繩肩飛鳥', '12下(3組)'),
(13, '纜繩面拉', '12下(3組)'),
(13, '腿推機', '12下(3組)'),
(13, '膝伸機', '12下(3組)'),
(13, '膝屈機', '12下(3組)'),
(13, '長凳撐體', '12下(3組)'),
(14, '下腹抬腿', '12下(3組)'),
(14, '啞鈴夾胸', '12下(3組)'),
(14, '啞鈴深蹲', '12下(3組)'),
(14, '坐姿啞鈴肩推', '12下(3組)'),
(14, '斜板彎舉', '12下(3組)'),
(14, '槓鈴上斜臥推', '12下(3組)'),
(14, '槓鈴划船', '12下(3組)'),
(14, '槓鈴聳肩', '12下(3組)'),
(14, '槓鈴臥推', '12下(3組)'),
(14, '纜繩彎舉', '12下(3組)'),
(14, '纜繩肩飛鳥', '12下(3組)'),
(14, '纜繩面拉', '12下(3組)'),
(14, '纜繩髖屈伸', '12下(3組)'),
(14, '羅馬尼亞硬舉', '12下(3組)'),
(14, '膝伸機', '12下(3組)'),
(14, '膝屈機', '12下(3組)'),
(14, '長凳撐體', '12下(3組)'),
(15, 'T字飛鳥', '12下(3組)'),
(15, '側腹抬腿', '12下(3組)'),
(15, '啞鈴深蹲', '12下(3組)'),
(15, '啞鈴肩飛鳥', '12下(3組)'),
(15, '坐姿纜繩划船', '12下(3組)'),
(15, '槓鈴早安', '12下(3組)'),
(15, '槓鈴臥推', '12下(3組)'),
(15, '機械式上斜臥推', '12下(3組)'),
(15, '機械式器材肩推機', '12下(3組)'),
(15, '纜繩下拉', '12下(3組)'),
(15, '纜繩夾胸', '12下(3組)'),
(15, '纜繩彎舉', '12下(3組)'),
(15, '纜繩面拉', '12下(3組)'),
(15, '纜繩髖屈伸', '12下(3組)'),
(15, '羅馬尼亞硬舉', '12下(3組)'),
(15, '腿推機', '12下(3組)'),
(16, '下腹抬腿', '12下(3組)'),
(16, '仰臥三頭屈伸', '12下(3組)'),
(16, '仰臥捲腹', '12下(3組)'),
(16, '啞鈴上斜臥推', '12下(3組)'),
(16, '啞鈴後飛鳥', '12下(3組)'),
(16, '啞鈴肩飛鳥', '12下(3組)'),
(16, '坐姿纜繩划船', '12下(3組)'),
(16, '山羊挺身', '12下(3組)'),
(16, '後腳抬高蹲', '12下(3組)'),
(16, '槓鈴上斜臥推', '12下(3組)'),
(16, '槓鈴划船', '12下(3組)'),
(16, '槓鈴彎舉', '12下(3組)'),
(16, '槓鈴深蹲', '12下(3組)'),
(16, '槓鈴聳肩', '12下(3組)'),
(16, '槓鈴肩推', '12下(3組)'),
(16, '槓鈴臀腿', '12下(3組)'),
(16, '槓鈴臥推', '12下(3組)'),
(16, '機械式坐姿夾腿', '12下(3組)'),
(16, '機械式坐姿腿外展', '12下(3組)'),
(16, '機械式夾胸', '12下(3組)'),
(16, '纜繩下拉', '12下(3組)'),
(16, '纜繩夾胸', '12下(3組)'),
(16, '纜繩面拉', '12下(3組)'),
(16, '纜繩髖屈伸', '12下(3組)'),
(16, '羅馬尼亞硬舉', '12下(3組)'),
(17, '下腹抬腿', '12下(3組)'),
(17, '仰臥三頭屈伸', '12下(3組)'),
(17, '側腹抬腿', '12下(3組)'),
(17, '啞鈴上斜臥推', '12下(3組)'),
(17, '啞鈴肩飛鳥', '12下(3組)'),
(17, '啞鈴臥推', '12下(3組)'),
(17, '槓鈴深蹲', '12下(3組)'),
(17, '槓鈴聳肩', '12下(3組)'),
(17, '槓鈴臥推', '12下(3組)'),
(17, '機械式上斜臥推', '12下(3組)'),
(17, '機械式器材肩推機', '12下(3組)'),
(17, '機械式坐姿夾腿', '12下(3組)'),
(17, '機械式坐姿腿外展', '12下(3組)'),
(17, '機械式後飛鳥', '12下(3組)'),
(17, '機械式拉背肌', '12下(3組)'),
(17, '渦輪下拉', '12下(3組)'),
(17, '纜繩夾胸', '12下(3組)'),
(17, '纜繩過頭屈伸', '12下(3組)'),
(17, '纜繩錘式彎舉', '12下(3組)'),
(17, '纜繩面拉', '12下(3組)'),
(17, '纜繩髖屈伸', '12下(3組)'),
(17, '羅馬尼亞硬舉', '12下(3組)'),
(17, '膝伸機', '12下(3組)'),
(18, 'test2', '18下(3組)'),
(18, 'test45', '10下(3組)'),
(18, 'T字飛鳥', '12下(3組)'),
(18, '下腹抬腿', '12下(3組)'),
(18, '仰臥三頭屈伸', '12下(3組)'),
(18, '側腹抬腿', '12下(3組)'),
(18, '啞鈴夾胸', '12下(3組)'),
(18, '啞鈴後飛鳥', '12下(3組)'),
(18, '啞鈴肩飛鳥', '12下(3組)'),
(18, '啞鈴錘式彎舉', '12下(3組)'),
(18, '引體向上', '12下(3組)'),
(18, '槓鈴上斜臥推', '12下(3組)'),
(18, '槓鈴划船', '12下(3組)'),
(18, '槓鈴早安', '12下(3組)'),
(18, '槓鈴深蹲', '12下(3組)'),
(18, '槓鈴肩推', '12下(3組)'),
(18, '槓鈴臀腿', '12下(3組)'),
(18, '槓鈴臥推', '12下(3組)'),
(18, '機械式上斜臥推', '12下(3組)'),
(18, '機械式坐姿夾腿', '12下(3組)'),
(18, '機械式坐姿腿外展', '12下(3組)'),
(18, '相撲硬舉', '12下(3組)'),
(18, '纜繩夾胸', '12下(3組)'),
(18, '纜繩面拉', '12下(3組)'),
(18, '羅馬尼亞硬舉', '12下(3組)'),
(18, '雙槓撐體', '12下(3組)');

--
-- 已傾印資料表的索引
--

--
-- 資料表索引 `basic_information`
--
ALTER TABLE `basic_information`
  ADD PRIMARY KEY (`Name`,`email`);

--
-- 資料表索引 `eat_detail`
--
ALTER TABLE `eat_detail`
  ADD PRIMARY KEY (`type`,`food_name`);

--
-- 資料表索引 `eat_menu`
--
ALTER TABLE `eat_menu`
  ADD PRIMARY KEY (`eat_intensity`);

--
-- 資料表索引 `fit_comment`
--
ALTER TABLE `fit_comment`
  ADD PRIMARY KEY (`item`);

--
-- 資料表索引 `fit_detail`
--
ALTER TABLE `fit_detail`
  ADD PRIMARY KEY (`item`,`bodypart`);

--
-- 資料表索引 `fit_menu`
--
ALTER TABLE `fit_menu`
  ADD PRIMARY KEY (`fit_intensity`,`item`);
COMMIT;

/*!40101 SET CHARACTER_SET_CLIENT=@OLD_CHARACTER_SET_CLIENT */;
/*!40101 SET CHARACTER_SET_RESULTS=@OLD_CHARACTER_SET_RESULTS */;
/*!40101 SET COLLATION_CONNECTION=@OLD_COLLATION_CONNECTION */;
